Cod_Estable,Cod_Evaluacion,Num_Boleta,Bases_Informes,Cod_Bases_Informes,Barcode,Corr_Año,Region,Cod_Region,Departamento,Cod_Depa,Municipio,Cod_Muni,Direc_Estable,Tel_Estable,Nivel,Cod_Nivel,Rama_Abstracta,Cod_Rama_Abstracta,Fecha_Nacimiento,Edad,Edad_RECO,Sexo_RECO,Area,Cod_Area,Jornada,Cod_Jornada,Ciclo,Cod_Ciclo,Cod_Distrito,Año_Cierre,Etnia_RECO,Identificacion_Etnica_RECO,IE_Idioma_Materno_Recodificado,IE_Idioma_Materno_RECO,IE_Destreza_Dominio_Idioma_Materno,Idiom_Mater_Hab,Idiom_Mater_Ent,Idiom_Mater_Lee,Idiom_Mater_Esc,IE_Frecuencia_Uso_Idioma_Materno,IE_Frecuencia_Uso_Idioma_Materno_RECO,IE_Segundo_Idioma_Materno_RECO,IE_Habilidad_Dominio_Segunda_Lengua,Entiendo_Oirlo,Entiendo_Leerlo,Puedo_Escribir,Lo_Hablo,Ed_Asistio_Preprimaria,Ed_Area_De_Escuela_Finalizo_Primaria,Ed_Repitio_Algun_Grado_Primaria,Ed_Que_Grados_Repitio,Gr_Primero,Gr_Segundo,Gr_Tercero,Gr_Cuarto,Gr_Quinto,Gr_Sexto,Ed_Trabaja_Actualmente,Ed_Jornada_Trabaja_RECO,Fm_Asistio_Escuela_Papa,Fm_Grado_Alcanzo_Papa_RECO,Fm_Asistio_Escuela_Mama,Fm_Grado_Alcanzo_Mama_RECO,CC_Material_Predomina_En_Piso_Casa,Pp_Tierra,Pp_Madera_Rustica,Pp_Torta_Cemento,Pp_Piso_Granito,Pp_Piso_Ceramico,Pp_Madera_Fina,CC_Material_Predomina_En_Paredes_Casa,Pa_Madera_Rustica,Pa_Madera_Fina,Pa_Adobe,Pa_Lamina,Pa_Block,Pa_Ladrillo,CC_Material_Predomina_En_Techo_Casa,Pt_Material_Perecedero,Pt_Lamina,Pt_Teja,Pt_Duralita,Pt_Terraza_Fundida,CC_Como_Obtiene_El_Agua_Para_Lavar,Al_Fuente_Natural,Al_Chorro_Publico,Al_Tuberia,Al_Comprada,CC_Agua_Utiliza_Para_Beber,Ab_Natural,Ab_Chorro,Ab_Comprada_Cisterna,Ab_Comprada_Embotellada,CC_Electricidad,CC_Ambiente_Cocina_Separada,CC_Combustible_Utiliza_Cocina,CU_Leña,CU_Gas,CU_Electricidad,CC_Cuenta_Linea_Telefonica,CC_Tiene_Familia_Celular,CC_Servicio_Tv_Cable,CC_Servicio_Internet,CC_Electrodomesticos,Televisor,Refrigerador,Equipo_Sonido,VHS_DVD,Lavadora_Ropa,Secadora_Ropa,Horno_Microondas,Computadoras,Consola_Videojuegos,Otros_Electrodomesticos,CC_Tipo_Sanitarios,Cc_No_Hay,Cc_Letrina,Cc_Inodoro,Cc_Familia_Automovil,CC_Como_Se_Moviliza_Usualmente,Cc_A_Pie,Cc_Bicicleta,Cc_Motocicleta,Cc_Publico,Cc_Bus_Escolar,Cc_Automovil,CC_Tiempo_Casa_Al_Establecimiento,Cc_0_15,Cc_16_30,Cc_31_45,Cc_46_60,Cc_61_75,Cc_76_90,Cc_91_105,Cc_M_105,Cc_Casa_Donde_Vive_Familia,Cc_Casa_Alquilada,Cc_Casa_Propia,Cc_Cuantos_Niveles_Construccion_Casa,Cc_Cuantos_Niveles_1,Cc_Cuantos_Niveles_2,Cc_Cuantos_Niveles_3,Cc_Cuantos_Niveles_4,Cc_Cuantos_Niveles_5,Cc_Cuantos_Niveles_Mas5,Cc_Cuantos_Dormitorios_Hay_En_Casa,Cc_Cuantos_Dormitorios_1,Cc_Cuantos_Dormitorios_2,Cc_Cuantos_Dormitorios_3,Cc_Cuantos_Dormitorios_4,Cc_Cuantos_Dormitorios_5,Cc_Cuantos_Dormitorios_Mas5,Cc_Cuantas_Personas_Viven_En_Casa,Cc_Cuantas_Personas_1,Cc_Cuantas_Personas_2,Cc_Cuantas_Personas_3,Cc_Cuantas_Personas_4,Cc_Cuantas_Personas_5,Cc_Cuantas_Personas_Mas5,Cc_Recibe_Remesas,Tec_Poseen_Comp_Estable_Uso_Alumnos,Tec_Utiliza_Computadora_Realizar_Tareas_Estable,Tec_Periodos_Semana_Utiliza_Computadora,Tec_Periodos_Semana_Utiliza_Computadora_RECO,Tec_Horas_Diarias_Uso_Compu_Estab,Tec_Horas_Diarias_Uso_Compu_Estab_RECO,Tec_Horas_Diarias_Uso_Compu_Casa,Tec_Horas_Diarias_Uso_Compu_Casa_RECO,Tec_Utiliza_Internet_Para_Investigaciones,Tec_Recibido_Curso_Computacion,Mate_Periodos_Matematicas_Semana,Mate_Periodos_Matematicas_Semana_RECO,Mate_Minutos_Dura_Periodo_Matematicas,Mate_Minutos_Dura_Periodo_Matematicas_RECO,Lect_Dias_Semana_Lee_Periodicos,Lect_Dias_Semana_Lee_Periodicos_RECO,Lect_Periodico_Prefiere_Leer,Lc_Prensa_Libre,Lc_Siglo_XXI,Lc_El_Periodico,Lc_Nuestro_Diario,Lc_Diario_Centroamerica,Lc_Al_Dia,Lc_La_Hora,Lc_Publinews,Lc_Otro,Lect_Libros_Completos_Ha_Leido,Lect_Libros_Completos_Ha_Leido_RECO,Lect_Periodos_Lectura_Semana,Lect_Periodos_Lectura_Semana_RECO,Lect_Minutos_Dura_Periodo_Lectura,Lect_Minutos_Dura_Periodo_Lectura_RECO,Measure_Mate,Measure_Lect,Desempeño_Mate,Desempeño_Lect,Logro_Mate,Logro_Lect
05-02-2557-46,0850452607,211618,Ordinaria,1,05992894,17,Región 5 o Central,5,Escuintla,05,Santa Lucía Cotzumalguapa,0502,Km. 92.5 Finca Camantulul Carretera A Mazatenango,79552800,Diversificado,46,Bachillerato,001,09-10-1999,17,2,0,Rural,12,Doble,33,Anual,1,05-007,2017,2,2,2,1,"Hab,Ent,Lee,Esc",1,1,1,1,Mucho,3,5,,0,0,0,0,1,12,0,,0,0,0,0,0,0,0,0,#NULL!,0,1,3,Torta_Cemento,0,0,1,0,0,0,Block,0,0,0,0,1,0,Lamina,0,1,0,0,0,Tuberia,0,0,1,0,Comprada_Embotellada,0,0,0,1,1,1,Gas,0,1,0,0,1,1,0,"Televisor,Refrigerador,Equipo_Sonido,Lavadora_Ropa",1,1,1,0,1,0,0,0,0,0,Inodoro,0,0,1,0,Publico,0,0,0,1,0,0,16_30,0,1,0,0,0,0,0,0,Propia,0,1,1,1,0,0,0,0,0,2,0,1,0,0,0,0,2,0,1,0,0,0,0,0,1,1,4,4,3,3,0,0,1,1,5,5,40_49,4,2,2,"Prensalibre,Nuestrodiario",1,0,0,1,0,0,0,0,0,3_4,2,1,1,40_49,4,0.84,1.849,2,4,0,1
05-02-2557-46,7450680155,211627,Ordinaria,1,05615247,17,Región 5 o Central,5,Escuintla,05,Santa Lucía Cotzumalguapa,0502,Km. 92.5 Finca Camantulul Carretera A Mazatenango,79552800,Diversificado,46,Bachillerato,001,18-10-1999,17,2,0,Rural,12,Doble,33,Anual,1,05-007,2017,2,2,2,1,"Hab,Ent,Lee,Esc",1,1,1,1,Mucho,3,0,,0,0,0,0,1,11,0,,0,0,0,0,0,0,0,0,1,3,1,3,Piso_Ceramico,0,0,0,0,1,0,Block,0,0,0,0,1,0,Lamina,0,1,0,0,0,Tuberia,0,0,1,0,Comprada_Embotellada,0,0,0,1,1,1,Gas,0,1,0,1,1,1,1,"Televisor,Refrigerador,Equipo_Sonido,Lavadora_Ropa,Horno_Microondas,Computadoras",1,1,1,0,1,0,1,1,0,0,Inodoro,0,0,1,1,Bus_Escolar,0,0,0,0,1,0,16_30,0,1,0,0,0,0,0,0,Propia,0,1,1,1,0,0,0,0,0,4,0,0,0,1,0,0,3,0,0,1,0,0,0,0,1,1,3,3,2,2,Mas4,5,1,0,5,5,40_49,4,1,1,Nuestrodiario,0,0,0,1,0,0,0,0,0,5_6,3,1,1,40_49,4,-0.415,0.852,1,3,0,1
05-02-2557-46,6157092814,211653,Ordinaria,1,05712725,17,Región 5 o Central,5,Escuintla,05,Santa Lucía Cotzumalguapa,0502,Km. 92.5 Finca Camantulul Carretera A Mazatenango,79552800,Diversificado,46,Bachillerato,001,14-10-1999,17,2,1,Rural,12,Doble,33,Anual,1,05-007,2017,2,2,2,1,"Hab,Ent,Lee,Esc",1,1,1,1,Mucho,3,0,,0,0,0,0,1,11,0,,0,0,0,0,0,0,0,0,2,0,1,3,Piso_Ceramico,0,0,0,0,1,0,Block,0,0,0,0,1,0,Terraza_Fundida,0,0,0,0,1,Tuberia,0,0,1,0,Comprada_Embotellada,0,0,0,1,1,0,Gas,0,1,0,0,1,1,0,"Televisor,Refrigerador,Equipo_Sonido,Lavadora_Ropa,Horno_Microondas",1,1,1,0,1,0,1,0,0,0,Inodoro,0,0,1,0,Publico,0,0,0,1,0,0,46_60,0,0,0,1,0,0,0,0,Alquilada,1,0,2,0,1,0,0,0,0,3,0,0,1,0,0,0,4,0,0,0,1,0,0,0,1,1,4,4,2,2,1,1,1,1,5,5,40_49,4,0,0,,0,0,0,0,0,0,0,0,0,5_6,3,1,1,40_49,4,0.84,0.239,2,2,0,0
05-02-2557-46,1870374271,211633,Ordinaria,1,05744907,17,Región 5 o Central,5,Escuintla,05,Santa Lucía Cotzumalguapa,0502,Km. 92.5 Finca Camantulul Carretera A Mazatenango,79552800,Diversificado,46,Bachillerato,001,15-07-1999,17,2,1,Rural,12,Doble,33,Anual,1,05-007,2017,2,2,2,1,"Hab,Ent,Lee,Esc",1,1,1,1,Mucho,3,0,,0,0,0,0,1,11,0,,0,0,0,0,0,0,1,5,1,1,1,3,Piso_Ceramico,0,0,0,0,1,0,Block,0,0,0,0,1,0,Lamina,0,1,0,0,0,Tuberia,0,0,1,0,Comprada_Embotellada,0,0,0,1,1,1,Gas,0,1,0,0,1,1,1,"Televisor,Refrigerador,VHS_DVD,Lavadora_Ropa,Secadora_Ropa,Horno_Microondas,Computadoras,Consola_Videojuegos,Otros_Electrodomesticos",1,1,0,1,1,1,1,1,1,1,Inodoro,0,0,1,1,Automovil,0,0,0,0,0,1,16_30,0,1,0,0,0,0,0,0,Propia,0,1,1,1,0,0,0,0,0,Mas5,0,0,0,0,0,1,4,0,0,0,1,0,0,1,1,0,0,0,3,3,0,0,1,1,5,5,40_49,4,0,0,,0,0,0,0,0,0,0,0,0,1_2,1,1,1,40_49,4,0.733,0.424,2,2,0,0
05-02-2557-46,7434347819,211671,Ordinaria,1,05413815,17,Región 5 o Central,5,Escuintla,05,Santa Lucía Cotzumalguapa,0502,Km. 92.5 Finca Camantulul Carretera A Mazatenango,79552800,Diversificado,46,Bachillerato,001,03-04-2000,17,2,0,Rural,12,Doble,33,Anual,1,05-007,2017,2,2,2,1,"Hab,Ent,Lee,Esc",1,1,1,1,Mucho,3,0,,0,0,0,0,1,11,0,,0,0,0,0,0,0,0,0,1,3,1,3,Piso_Ceramico,0,0,0,0,1,0,Block,0,0,0,0,1,0,Lamina,0,1,0,0,0,Tuberia,0,0,1,0,Comprada_Cisterna,0,0,1,0,1,0,"Leña,Gas,Electricidad",1,1,1,1,1,1,1,"Televisor,Refrigerador,Equipo_Sonido,Lavadora_Ropa,Horno_Microondas,Computadoras,Otros_Electrodomesticos",1,1,1,0,1,0,1,1,0,1,Inodoro,0,0,1,1,Bus_Escolar,0,0,0,0,1,0,16_30,0,1,0,0,0,0,0,0,Propia,0,1,1,1,0,0,0,0,0,3,0,0,1,0,0,0,2,0,1,0,0,0,0,0,1,1,1,1,2,2,4,4,1,1,5,5,40_49,4,1,1,Prensalibre,1,0,0,0,0,0,0,0,0,1_2,1,1,1,40_49,4,0.572,1.672,2,4,0,1
05-02-2557-46,0894646001,211644,Ordinaria,1,05437269,17,Región 5 o Central,5,Escuintla,05,Santa Lucía Cotzumalguapa,0502,Km. 92.5 Finca Camantulul Carretera A Mazatenango,79552800,Diversificado,46,Bachillerato,001,19-01-2000,17,2,1,Rural,12,Doble,33,Anual,1,05-007,2017,2,2,2,1,"Hab,Ent,Lee,Esc",1,1,1,1,Mucho,3,5,,0,0,0,0,1,12,0,,0,0,0,0,0,0,1,5,1,1,1,1,Piso_Ceramico,0,0,0,0,1,0,Block,0,0,0,0,1,0,Lamina,0,1,0,0,0,Tuberia,0,0,1,0,Comprada_Embotellada,0,0,0,1,1,1,"Leña,Gas",1,1,0,0,1,1,0,"Televisor,Refrigerador,Equipo_Sonido,Lavadora_Ropa,Horno_Microondas,Otros_Electrodomesticos",1,1,1,0,1,0,1,0,0,1,Inodoro,0,0,1,1,Publico,0,0,0,1,0,0,31_45,0,0,1,0,0,0,0,0,Propia,0,1,1,1,0,0,0,0,0,3,0,0,1,0,0,0,3,0,0,1,0,0,0,0,1,1,3,3,2,2,0,0,1,1,5,5,40_49,4,3,3,"Prensalibre,Otro",1,0,0,0,0,0,0,0,1,Mas6,4,1,1,40_49,4,2.522,2.174,4,4,1,1
05-02-2557-46,5516245725,211639,Ordinaria,1,05722368,17,Región 5 o Central,5,Escuintla,05,Santa Lucía Cotzumalguapa,0502,Km. 92.5 Finca Camantulul Carretera A Mazatenango,79552800,Diversificado,46,Bachillerato,001,19-05-2001,16,1,1,Rural,12,Doble,33,Anual,1,05-007,2017,2,2,2,1,"Hab,Ent,Lee,Esc",1,1,1,1,Mucho,3,0,,0,0,0,0,1,11,0,,0,0,0,0,0,0,0,0,1,4,1,4,Piso_Ceramico,0,0,0,0,1,0,Block,0,0,0,0,1,0,Terraza_Fundida,0,0,0,0,1,Tuberia,0,0,1,0,Comprada_Embotellada,0,0,0,1,1,1,Gas,0,1,0,1,1,1,1,"Televisor,Refrigerador,VHS_DVD,Horno_Microondas,Computadoras",1,1,0,1,0,0,1,1,0,0,Inodoro,0,0,1,1,Publico,0,0,0,1,0,0,16_30,0,1,0,0,0,0,0,0,Propia,0,1,1,1,0,0,0,0,0,4,0,0,0,1,0,0,3,0,0,1,0,0,0,0,1,1,6,6,2,2,4,4,1,1,5,5,40_49,4,3,3,Prensalibre,1,0,0,0,0,0,0,0,0,5_6,3,1,1,40_49,4,1.276,1.267,3,4,1,1
05-02-2557-46,0294328889,211632,Ordinaria,1,05006270,17,Región 5 o Central,5,Escuintla,05,Santa Lucía Cotzumalguapa,0502,Km. 92.5 Finca Camantulul Carretera A Mazatenango,79552800,Diversificado,46,Bachillerato,001,25-11-1998,18,3,0,Rural,12,Doble,33,Anual,1,05-007,2017,2,2,2,1,"Hab,Ent,Lee,Esc",1,1,1,1,Mucho,3,0,,0,0,0,0,1,11,0,,0,0,0,0,0,0,0,0,1,3,1,3,Torta_Cemento,0,0,1,0,0,0,Block,0,0,0,0,1,0,Lamina,0,1,0,0,0,Fuente_Natural,1,0,0,0,Comprada_Embotellada,0,0,0,1,1,1,Gas,0,1,0,1,1,1,1,"Televisor,Refrigerador,Equipo_Sonido,VHS_DVD,Lavadora_Ropa,Horno_Microondas,Computadoras",1,1,1,1,1,0,1,1,0,0,Inodoro,0,0,1,1,Bus_Escolar,0,0,0,0,1,0,16_30,0,1,0,0,0,0,0,0,Propia,0,1,1,1,0,0,0,0,0,2,0,1,0,0,0,0,2,0,1,0,0,0,0,0,1,1,3,3,2,2,1,1,1,0,5,5,40_49,4,1,1,Prensalibre,1,0,0,0,0,0,0,0,0,Mas6,4,1,1,40_49,4,0.778,2.174,2,4,0,1
05-02-2557-46,0173834465,211664,Ordinaria,1,05740933,17,Región 5 o Central,5,Escuintla,05,Santa Lucía Cotzumalguapa,0502,Km. 92.5 Finca Camantulul Carretera A Mazatenango,79552800,Diversificado,46,Bachillerato,001,11-10-2000,16,1,1,Rural,12,Doble,33,Anual,1,05-007,2017,2,2,2,1,"Hab,Ent,Lee,Esc",1,1,1,1,Mucho,3,5,,0,0,0,0,1,12,0,,0,0,0,0,0,0,#NULL!,0,1,4,1,4,Piso_Ceramico,0,0,0,0,1,0,Block,0,0,0,0,1,0,Terraza_Fundida,0,0,0,0,1,Fuente_Natural,1,0,0,0,Natural,1,0,0,0,1,0,Gas,0,1,0,1,1,1,1,"Televisor,Refrigerador,Equipo_Sonido,VHS_DVD,Lavadora_Ropa,Horno_Microondas,Computadoras,Consola_Videojuegos,Otros_Electrodomesticos",1,1,1,1,1,0,1,1,1,1,Inodoro,0,0,1,1,Bus_Escolar,0,0,0,0,1,0,31_45,0,0,1,0,0,0,0,0,Propia,0,1,2,0,1,0,0,0,0,3,0,0,1,0,0,0,2,0,1,0,0,0,0,0,1,1,3,3,2,2,2,2,1,1,5,5,40_49,4,1,1,Prensalibre,1,0,0,0,0,0,0,0,0,3_4,2,1,1,40_49,4,0.986,0.658,2,3,0,1
05-02-2557-46,1670666490,211669,Ordinaria,1,05323454,17,Región 5 o Central,5,Escuintla,05,Santa Lucía Cotzumalguapa,0502,Km. 92.5 Finca Camantulul Carretera A Mazatenango,79552800,Diversificado,46,Bachillerato,001,11-08-1999,17,2,1,Rural,12,Doble,33,Anual,1,05-007,2017,2,2,2,1,"Hab,Ent,Lee,Esc",1,1,1,1,Mucho,3,5,,0,0,0,0,1,11,0,,0,0,0,0,0,0,0,0,1,4,1,4,Piso_Ceramico,0,0,0,0,1,0,Block,0,0,0,0,1,0,Terraza_Fundida,0,0,0,0,1,Tuberia,0,0,1,0,Comprada_Embotellada,0,0,0,1,1,1,Gas,0,1,0,1,1,1,1,"Televisor,Refrigerador,Lavadora_Ropa,Secadora_Ropa,Horno_Microondas,Computadoras,Consola_Videojuegos,Otros_Electrodomesticos",1,1,0,0,1,1,1,1,1,1,Inodoro,0,0,1,1,Automovil,0,0,0,0,0,1,16_30,0,1,0,0,0,0,0,0,Propia,0,1,2,0,1,0,0,0,0,4,0,0,0,1,0,0,2,0,1,0,0,0,0,0,1,1,3,3,0,0,1,1,1,1,5,5,40_49,4,2,2,Prensalibre,1,0,0,0,0,0,0,0,0,3_4,2,1,1,40_49,4,1.091,1.169,3,4,1,1
05-02-2557-46,9067072935,211619,Ordinaria,1,05709598,17,Región 5 o Central,5,Escuintla,05,Santa Lucía Cotzumalguapa,0502,Km. 92.5 Finca Camantulul Carretera A Mazatenango,79552800,Diversificado,46,Bachillerato,001,02-05-2000,17,2,0,Rural,12,Doble,33,Anual,1,05-007,2017,2,2,2,1,"Hab,Ent,Lee,Esc",1,1,1,1,Mucho,3,0,,0,0,0,0,1,11,0,,0,0,0,0,0,0,0,0,1,3,1,3,Piso_Ceramico,0,0,0,0,1,0,Block,0,0,0,0,1,0,Lamina,0,1,0,0,0,Tuberia,0,0,1,0,Comprada_Embotellada,0,0,0,1,1,0,Gas,0,1,0,0,1,1,0,"Televisor,Refrigerador,Equipo_Sonido,VHS_DVD,Lavadora_Ropa,Horno_Microondas,Computadoras",1,1,1,1,1,0,1,1,0,0,Inodoro,0,0,1,1,Automovil,0,0,0,0,0,1,16_30,0,1,0,0,0,0,0,0,Propia,0,1,1,1,0,0,0,0,0,3,0,0,1,0,0,0,2,0,1,0,0,0,0,0,1,1,3,3,,9,Mas4,5,1,1,5,5,40_49,4,1,1,Nuestrodiario,0,0,0,1,0,0,0,0,0,5_6,3,1,1,40_49,4,0.413,0.714,2,3,0,1
05-02-2557-46,8020462650,211617,Ordinaria,1,05601085,17,Región 5 o Central,5,Escuintla,05,Santa Lucía Cotzumalguapa,0502,Km. 92.5 Finca Camantulul Carretera A Mazatenango,79552800,Diversificado,46,Bachillerato,001,15-01-1999,18,3,1,Rural,12,Doble,33,Anual,1,05-007,2017,2,2,2,1,"Hab,Ent,Lee,Esc",1,1,1,1,Mucho,3,0,,0,0,0,0,0,11,0,,0,0,0,0,0,0,0,0,1,3,1,3,Piso_Ceramico,0,0,0,0,1,0,Block,0,0,0,0,1,0,Terraza_Fundida,0,0,0,0,1,Tuberia,0,0,1,0,Comprada_Embotellada,0,0,0,1,1,1,Gas,0,1,0,1,1,1,1,"Televisor,Refrigerador,Equipo_Sonido,VHS_DVD,Lavadora_Ropa,Horno_Microondas,Computadoras",1,1,1,1,1,0,1,1,0,0,Inodoro,0,0,1,1,Motocicleta,0,0,1,0,0,0,0_15,1,0,0,0,0,0,0,0,Propia,0,1,1,1,0,0,0,0,0,4,0,0,0,1,0,0,3,0,0,1,0,0,0,0,1,1,3,3,2,2,2,2,1,1,5,5,40_49,4,3,3,Nuestrodiario,0,0,0,1,0,0,0,0,0,5_6,3,1,1,40_49,4,-0.797,0.816,1,3,0,1
05-02-2557-46,5353284309,211637,Ordinaria,1,05278994,17,Región 5 o Central,5,Escuintla,05,Santa Lucía Cotzumalguapa,0502,Km. 92.5 Finca Camantulul Carretera A Mazatenango,79552800,Diversificado,46,Bachillerato,001,09-07-2000,16,1,0,Rural,12,Doble,33,Anual,1,05-007,2017,2,2,2,1,"Hab,Ent,Lee,Esc",1,1,1,1,Mucho,3,5,,0,0,0,0,1,12,0,,0,0,0,0,0,0,0,0,1,1,1,3,Madera_Fina,0,0,0,0,0,1,Madera_Fina,0,1,0,0,0,0,Lamina,0,1,0,0,0,Comprada,0,0,0,1,Comprada_Embotellada,0,0,0,1,1,1,"Leña,Gas,Electricidad",1,1,1,0,1,1,1,"Televisor,Refrigerador,Equipo_Sonido,VHS_DVD,Lavadora_Ropa,Horno_Microondas,Computadoras",1,1,1,1,1,0,1,1,0,0,Inodoro,0,0,1,1,Automovil,0,0,0,0,0,1,M_105,0,0,0,0,0,0,0,1,Propia,0,1,1,1,0,0,0,0,0,4,0,0,0,1,0,0,3,0,0,1,0,0,0,0,1,1,3,3,2,2,1,1,1,1,5,5,40_49,4,0,0,,0,0,0,0,0,0,0,0,0,5_6,3,1,1,40_49,4,1.055,2.034,3,4,1,1
05-02-2557-46,5928292338,211649,Ordinaria,1,05793928,17,Región 5 o Central,5,Escuintla,05,Santa Lucía Cotzumalguapa,0502,Km. 92.5 Finca Camantulul Carretera A Mazatenango,79552800,Diversificado,46,Bachillerato,001,23-12-1999,17,2,0,Rural,12,Doble,33,Anual,1,05-007,2017,2,2,2,1,"Hab,Ent,Lee,Esc",1,1,1,1,Mucho,3,0,,0,0,0,0,1,11,0,,0,0,0,0,0,0,0,0,1,3,1,3,Piso_Ceramico,0,0,0,0,1,0,Block,0,0,0,0,1,0,Terraza_Fundida,0,0,0,0,1,Tuberia,0,0,1,0,Comprada_Embotellada,0,0,0,1,1,1,Gas,0,1,0,0,1,1,1,"Televisor,Refrigerador,VHS_DVD,Lavadora_Ropa,Horno_Microondas,Computadoras",1,1,0,1,1,0,1,1,0,0,Inodoro,0,0,1,1,Bus_Escolar,0,0,0,0,1,0,31_45,0,0,1,0,0,0,0,0,Propia,0,1,2,0,1,0,0,0,0,4,0,0,0,1,0,0,3,0,0,1,0,0,0,0,1,1,3,3,2,2,2,2,1,1,5,5,40_49,4,1,1,Prensalibre,1,0,0,0,0,0,0,0,0,5_6,3,1,1,40_49,4,0.154,1.405,2,4,0,1
05-02-2557-46,5676035028,211650,Ordinaria,1,05060197,17,Región 5 o Central,5,Escuintla,05,Santa Lucía Cotzumalguapa,0502,Km. 92.5 Finca Camantulul Carretera A Mazatenango,79552800,Diversificado,46,Bachillerato,001,14-09-1999,17,2,1,Rural,12,Doble,33,Anual,1,05-007,2017,2,2,2,1,"Hab,Ent,Lee,Esc",1,1,1,1,Mucho,3,0,,0,0,0,0,1,11,0,,0,0,0,0,0,0,0,0,1,3,1,3,Piso_Ceramico,0,0,0,0,1,0,Block,0,0,0,0,1,0,Terraza_Fundida,0,0,0,0,1,Tuberia,0,0,1,0,Comprada_Embotellada,0,0,0,1,1,1,Gas,0,1,0,0,1,1,1,"Televisor,Refrigerador,VHS_DVD,Lavadora_Ropa,Horno_Microondas,Computadoras",1,1,0,1,1,0,1,1,0,0,Inodoro,0,0,1,1,Bus_Escolar,0,0,0,0,1,0,16_30,0,1,0,0,0,0,0,0,Propia,0,1,2,0,1,0,0,0,0,3,0,0,1,0,0,0,3,0,0,1,0,0,0,0,1,1,1,1,2,2,3,3,1,1,5,5,40_49,4,0,0,,0,0,0,0,0,0,0,0,0,Mas6,4,1,1,40_49,4,1.653,0.954,4,4,1,1
05-02-2557-46,9327017708,211613,Ordinaria,1,05218132,17,Región 5 o Central,5,Escuintla,05,Santa Lucía Cotzumalguapa,0502,Km. 92.5 Finca Camantulul Carretera A Mazatenango,79552800,Diversificado,46,Bachillerato,001,07-03-2000,17,2,1,Rural,12,Doble,33,Anual,1,05-007,2017,2,2,2,1,"Hab,Ent,Lee,Esc",1,1,1,1,Mucho,3,5,,0,0,0,0,1,12,0,,0,0,0,0,0,0,0,0,1,3,1,5,Piso_Ceramico,0,0,0,0,1,0,Block,0,0,0,0,1,0,Terraza_Fundida,0,0,0,0,1,Tuberia,0,0,1,0,Comprada_Embotellada,0,0,0,1,1,1,"Leña,Gas,Electricidad",1,1,1,1,1,1,1,"Televisor,Refrigerador,Equipo_Sonido,VHS_DVD,Lavadora_Ropa,Horno_Microondas,Computadoras,Consola_Videojuegos,Otros_Electrodomesticos",1,1,1,1,1,0,1,1,1,1,Inodoro,0,0,1,1,Automovil,0,0,0,0,0,1,0_15,1,0,0,0,0,0,0,0,Propia,0,1,3,0,0,1,0,0,0,5,0,0,0,0,1,0,4,0,0,0,1,0,0,0,1,1,2,2,1,1,1,1,1,1,5,5,30_39,3,1,1,Prensalibre,1,0,0,0,0,0,0,0,0,1_2,1,1,1,30_39,3,1.39,1.684,3,4,1,1
05-02-2557-46,7802065682,211658,Ordinaria,1,05771482,17,Región 5 o Central,5,Escuintla,05,Santa Lucía Cotzumalguapa,0502,Km. 92.5 Finca Camantulul Carretera A Mazatenango,79552800,Diversificado,46,Bachillerato,001,06-10-1999,17,2,0,Rural,12,Doble,33,Anual,1,05-007,2017,2,2,2,1,"Hab,Ent,Lee,Esc",1,1,1,1,Mucho,3,0,,0,0,0,0,1,11,0,,0,0,0,0,0,0,0,0,1,1,1,1,Tierra,1,0,0,0,0,0,Lamina,0,0,0,1,0,0,Lamina,0,1,0,0,0,Fuente_Natural,1,0,0,0,Natural,1,0,0,0,1,1,Leña,1,0,0,0,1,1,0,"Televisor,Refrigerador,Equipo_Sonido,Computadoras,Otros_Electrodomesticos",1,1,1,0,0,0,0,1,0,1,Inodoro,0,0,1,1,Bus_Escolar,0,0,0,0,1,0,31_45,0,0,1,0,0,0,0,0,Propia,0,1,1,1,0,0,0,0,0,2,0,1,0,0,0,0,5,0,0,0,0,1,0,0,1,1,6,6,Mas4,5,4,4,1,1,5,5,40_49,4,7,7,Nuestrodiario,0,0,0,1,0,0,0,0,0,5_6,3,1,1,40_49,4,-0.146,0.518,1,3,0,1
05-02-2557-46,4261126256,211622,Ordinaria,1,05761909,17,Región 5 o Central,5,Escuintla,05,Santa Lucía Cotzumalguapa,0502,Km. 92.5 Finca Camantulul Carretera A Mazatenango,79552800,Diversificado,46,Bachillerato,001,03-05-2001,16,1,1,Rural,12,Doble,33,Anual,1,05-007,2017,2,2,2,1,"Hab,Ent,Lee,Esc",1,1,1,1,Mucho,3,0,,0,0,0,0,1,11,0,,0,0,0,0,0,0,0,0,1,4,1,3,Piso_Ceramico,0,0,0,0,1,0,Block,0,0,0,0,1,0,Terraza_Fundida,0,0,0,0,1,Comprada,0,0,0,1,Comprada_Embotellada,0,0,0,1,1,1,Gas,0,1,0,0,1,1,0,"Televisor,Refrigerador,Equipo_Sonido,VHS_DVD,Lavadora_Ropa,Horno_Microondas,Computadoras",1,1,1,1,1,0,1,1,0,0,Inodoro,0,0,1,1,Motocicleta,0,0,1,0,0,0,16_30,0,1,0,0,0,0,0,0,Propia,0,1,2,0,1,0,0,0,0,3,0,0,1,0,0,0,2,0,1,0,0,0,0,0,1,1,3,3,2,2,1,1,1,0,5,5,40_49,4,1,1,Prensalibre,1,0,0,0,0,0,0,0,0,5_6,3,1,1,40_49,4,-0.146,0.921,1,4,0,1
05-02-2557-46,8897074715,211642,Ordinaria,1,05805595,17,Región 5 o Central,5,Escuintla,05,Santa Lucía Cotzumalguapa,0502,Km. 92.5 Finca Camantulul Carretera A Mazatenango,79552800,Diversificado,46,Bachillerato,001,15-12-1999,17,2,1,Rural,12,Doble,33,Anual,1,05-007,2017,2,2,2,1,"Hab,Ent,Lee,Esc",1,1,1,1,Mucho,3,0,,0,0,0,0,1,12,0,,0,0,0,0,0,0,0,0,0,0,1,2,Torta_Cemento,0,0,1,0,0,0,Madera_Fina,0,1,0,0,0,0,Lamina,0,1,0,0,0,Fuente_Natural,1,0,0,0,Comprada_Embotellada,0,0,0,1,1,1,Gas,0,1,0,0,1,1,0,"Televisor,Refrigerador,Equipo_Sonido,VHS_DVD,Lavadora_Ropa,Secadora_Ropa,Horno_Microondas,Computadoras",1,1,1,1,1,1,1,1,0,0,Inodoro,0,0,1,1,Motocicleta,0,0,1,0,0,0,0_15,1,0,0,0,0,0,0,0,Propia,0,1,1,1,0,0,0,0,0,3,0,0,1,0,0,0,2,0,1,0,0,0,0,1,1,1,3,3,1,1,1,1,1,1,5,5,40_49,4,1,1,Nuestrodiario,0,0,0,1,0,0,0,0,0,3_4,2,1,1,40_49,4,0.627,0.615,2,3,0,1
05-02-2557-46,0543080715,211672,Ordinaria,1,05233420,17,Región 5 o Central,5,Escuintla,05,Santa Lucía Cotzumalguapa,0502,Km. 92.5 Finca Camantulul Carretera A Mazatenango,79552800,Diversificado,46,Bachillerato,001,22-11-1999,17,2,1,Rural,12,Doble,33,Anual,1,05-007,2017,2,2,2,1,"Hab,Ent,Lee,Esc",1,1,1,1,Mucho,3,0,,0,0,0,0,1,11,0,,0,0,0,0,0,0,0,0,1,4,1,2,Piso_Ceramico,0,0,0,0,1,0,Block,0,0,0,0,1,0,Terraza_Fundida,0,0,0,0,1,Fuente_Natural,1,0,0,0,Natural,1,0,0,0,1,0,Gas,0,1,0,1,1,1,1,"Televisor,Refrigerador,Lavadora_Ropa,Otros_Electrodomesticos",1,1,0,0,1,0,0,0,0,1,Inodoro,0,0,1,1,Bus_Escolar,0,0,0,0,1,0,31_45,0,0,1,0,0,0,0,0,Propia,0,1,2,0,1,0,0,0,0,4,0,0,0,1,0,0,4,0,0,0,1,0,0,0,1,1,3,3,2,2,2,2,1,1,5,5,40_49,4,1,1,Nuestrodiario,0,0,0,1,0,0,0,0,0,Ninguno,0,1,1,40_49,4,1.419,1.822,3,4,1,1
05-02-2557-46,1437135088,211661,Ordinaria,1,05337591,17,Región 5 o Central,5,Escuintla,05,Santa Lucía Cotzumalguapa,0502,Km. 92.5 Finca Camantulul Carretera A Mazatenango,79552800,Diversificado,46,Bachillerato,001,11-06-2000,16,1,1,Rural,12,Doble,33,Anual,1,05-007,2017,2,2,2,1,"Hab,Esc",1,0,0,1,Mucho,3,0,,0,0,0,0,1,12,0,,0,0,0,0,0,0,0,0,1,4,1,3,Piso_Ceramico,0,0,0,0,1,0,Block,0,0,0,0,1,0,Terraza_Fundida,0,0,0,0,1,Tuberia,0,0,1,0,Natural,1,0,0,0,1,1,"Leña,Gas",1,1,0,#NULL!,1,1,0,"Televisor,Refrigerador,Equipo_Sonido,Lavadora_Ropa,Horno_Microondas,Computadoras,Consola_Videojuegos",1,1,1,0,1,0,1,1,1,0,Inodoro,0,0,1,1,Bus_Escolar,0,0,0,0,1,0,16_30,0,1,0,0,0,0,0,0,Propia,0,1,2,0,1,0,0,0,0,5,0,0,0,0,1,0,4,0,0,0,1,0,0,1,1,1,3,3,2,2,3,3,1,1,3,3,40_49,4,5,5,Prensalibre,1,0,0,0,0,0,0,0,0,5_6,3,3,3,40_49,4,-0.029,-0.213,1,1,0,0
05-02-2557-46,2778769775,211662,Ordinaria,1,05967289,17,Región 5 o Central,5,Escuintla,05,Santa Lucía Cotzumalguapa,0502,Km. 92.5 Finca Camantulul Carretera A Mazatenango,79552800,Diversificado,46,Bachillerato,001,11-08-2000,16,1,0,Rural,12,Doble,33,Anual,1,05-007,2017,2,2,2,1,"Hab,Ent,Lee,Esc",1,1,1,1,Mucho,3,5,,0,0,0,0,1,11,0,,0,0,0,0,0,0,0,0,1,4,1,3,Piso_Ceramico,0,0,0,0,1,0,Block,0,0,0,0,1,0,Terraza_Fundida,0,0,0,0,1,Fuente_Natural,1,0,0,0,Natural,1,0,0,0,1,1,Gas,0,1,0,0,1,1,0,"Televisor,Refrigerador,Equipo_Sonido,Lavadora_Ropa",1,1,1,0,1,0,0,0,0,0,Inodoro,0,0,1,1,Automovil,0,0,0,0,0,1,0_15,1,0,0,0,0,0,0,0,Propia,0,1,2,0,1,0,0,0,0,1,1,0,0,0,0,0,3,0,0,1,0,0,0,0,1,1,3,3,1,1,0,0,1,1,4,4,40_49,4,3,3,Prensalibre,1,0,0,0,0,0,0,0,0,Mas6,4,5,5,40_49,4,0.305,2.034,2,4,0,1
05-02-2557-46,5758350165,211656,Ordinaria,1,05628801,17,Región 5 o Central,5,Escuintla,05,Santa Lucía Cotzumalguapa,0502,Km. 92.5 Finca Camantulul Carretera A Mazatenango,79552800,Diversificado,46,Bachillerato,001,02-11-1998,18,3,1,Rural,12,Doble,33,Anual,1,05-007,2017,2,2,2,1,"Hab,Ent,Lee,Esc",1,1,1,1,Mucho,3,5,,0,0,0,0,1,11,1,Segundo,0,1,0,0,0,0,0,0,1,2,1,4,Piso_Ceramico,0,0,0,0,1,0,Block,0,0,0,0,1,0,Teja,0,0,1,0,0,Tuberia,0,0,1,0,Comprada_Embotellada,0,0,0,1,1,1,Gas,0,1,0,1,1,1,1,"Televisor,Refrigerador,Equipo_Sonido,Lavadora_Ropa,Horno_Microondas,Computadoras,Consola_Videojuegos",1,1,1,0,1,0,1,1,1,0,Inodoro,0,0,1,1,Bus_Escolar,0,0,0,0,1,0,16_30,0,1,0,0,0,0,0,0,Propia,0,1,"1,Mas5",1,0,0,0,0,1,Mas5,0,0,0,0,0,1,4,0,0,0,1,0,0,0,1,1,3,3,4,4,3,3,1,1,5,5,40_49,4,0,0,,0,0,0,0,0,0,0,0,0,5_6,3,1,1,40_49,4,-0.029,0.239,1,2,0,0
05-02-2557-46,4310275909,211641,Ordinaria,1,05704216,17,Región 5 o Central,5,Escuintla,05,Santa Lucía Cotzumalguapa,0502,Km. 92.5 Finca Camantulul Carretera A Mazatenango,79552800,Diversificado,46,Bachillerato,001,06-12-2000,16,1,0,Rural,12,Doble,33,Anual,1,05-007,2017,2,2,2,1,"Hab,Ent,Lee,Esc",1,1,1,1,Mucho,3,0,,0,0,0,0,1,11,0,,0,0,0,0,0,0,0,0,1,5,1,3,Torta_Cemento,0,0,1,0,0,0,Block,0,0,0,0,1,0,Terraza_Fundida,0,0,0,0,1,Fuente_Natural,1,0,0,0,Comprada_Embotellada,0,0,0,1,1,1,Gas,0,1,0,1,1,1,1,"Televisor,Refrigerador,Equipo_Sonido,VHS_DVD,Lavadora_Ropa,Horno_Microondas,Computadoras",1,1,1,1,1,0,1,1,0,0,Inodoro,0,0,1,1,Bus_Escolar,0,0,0,0,1,0,16_30,0,1,0,0,0,0,0,0,Propia,0,1,2,0,1,0,0,0,0,4,0,0,0,1,0,0,2,0,1,0,0,0,0,0,1,1,3,3,1,1,0,0,1,1,5,5,40_49,4,0,0,Prensalibre,1,0,0,0,0,0,0,0,0,5_6,3,1,1,40_49,4,1.055,3.255,3,4,1,1
05-02-2557-46,5251610253,211626,Ordinaria,1,05858119,17,Región 5 o Central,5,Escuintla,05,Santa Lucía Cotzumalguapa,0502,Km. 92.5 Finca Camantulul Carretera A Mazatenango,79552800,Diversificado,46,Bachillerato,001,31-10-1999,17,2,1,Rural,12,Doble,33,Anual,1,05-007,2017,2,2,2,1,"Hab,Ent,Lee,Esc",1,1,1,1,Mucho,3,0,,0,0,0,0,1,11,0,,0,0,0,0,0,0,0,0,1,3,1,4,Piso_Ceramico,0,0,0,0,1,0,Block,0,0,0,0,1,0,Terraza_Fundida,0,0,0,0,1,Tuberia,0,0,1,0,Comprada_Embotellada,0,0,0,1,1,1,Gas,0,1,0,1,1,1,1,"Televisor,Refrigerador,Equipo_Sonido,Lavadora_Ropa,Computadoras,Consola_Videojuegos",1,1,1,0,1,0,0,1,1,0,Inodoro,0,0,1,1,Bus_Escolar,0,0,0,0,1,0,46_60,0,0,0,1,0,0,0,0,Propia,0,1,2,0,1,0,0,0,0,3,0,0,1,0,0,0,2,0,1,0,0,0,0,0,1,1,3,3,2,2,Mas4,5,1,1,3,3,40_49,4,0,0,Prensalibre,1,0,0,0,0,0,0,0,0,1_2,1,1,1,40_49,4,0.154,1.405,2,4,0,1
05-02-2557-46,5663949311,211625,Ordinaria,1,05199794,17,Región 5 o Central,5,Escuintla,05,Santa Lucía Cotzumalguapa,0502,Km. 92.5 Finca Camantulul Carretera A Mazatenango,79552800,Diversificado,46,Bachillerato,001,03-02-2000,17,2,1,Rural,12,Doble,33,Anual,1,05-007,2017,2,2,2,1,"Hab,Ent,Lee,Esc",1,1,1,1,Mucho,3,0,,0,0,0,0,1,12,0,,0,0,0,0,0,0,0,0,#NULL!,0,1,3,Piso_Ceramico,0,0,0,0,1,0,Block,0,0,0,0,1,0,Terraza_Fundida,0,0,0,0,1,Chorro_Publico,0,1,0,0,Comprada_Embotellada,0,0,0,1,1,1,Gas,0,1,0,1,1,1,1,"Televisor,Refrigerador,Horno_Microondas,Computadoras",1,1,0,0,0,0,1,1,0,0,Inodoro,0,0,1,1,Bus_Escolar,0,0,0,0,1,0,16_30,0,1,0,0,0,0,0,0,Propia,0,1,2,0,1,0,0,0,0,3,0,0,1,0,0,0,2,0,1,0,0,0,0,1,1,1,3,3,3,3,1,1,1,1,5,5,40_49,4,4,4,Nuestrodiario,0,0,0,1,0,0,0,0,0,5_6,3,1,1,40_49,4,-0.415,0.204,1,2,0,0
05-02-2557-46,8667577307,211628,Ordinaria,1,05093758,17,Región 5 o Central,5,Escuintla,05,Santa Lucía Cotzumalguapa,0502,Km. 92.5 Finca Camantulul Carretera A Mazatenango,79552800,Diversificado,46,Bachillerato,001,07-09-2001,15,1,1,Rural,12,Doble,33,Anual,1,05-007,2017,2,2,2,1,"Hab,Ent,Lee,Esc",1,1,1,1,Mucho,3,0,,0,0,0,0,0,12,0,,0,0,0,0,0,0,0,0,1,2,1,4,Piso_Ceramico,0,0,0,0,1,0,Block,0,0,0,0,1,0,Terraza_Fundida,0,0,0,0,1,Tuberia,0,0,1,0,Comprada_Embotellada,0,0,0,1,1,1,"Leña,Gas",1,1,0,0,1,1,0,"Televisor,Refrigerador,Equipo_Sonido,VHS_DVD,Lavadora_Ropa,Secadora_Ropa,Horno_Microondas,Computadoras,Consola_Videojuegos,Otros_Electrodomesticos",1,1,1,1,1,1,1,1,1,1,Inodoro,0,0,1,1,Bus_Escolar,0,0,0,0,1,0,46_60,0,0,0,1,0,0,0,0,Propia,0,1,1,1,0,0,0,0,0,5,0,0,0,0,1,0,3,0,0,1,0,0,0,1,1,0,3,3,3,3,Mas4,5,1,1,5,5,40_49,4,0,0,Prensalibre,1,0,0,0,0,0,0,0,0,5_6,3,1,1,40_49,4,0.882,0.293,2,2,0,0
05-02-2557-46,8798564631,211657,Ordinaria,1,05227261,17,Región 5 o Central,5,Escuintla,05,Santa Lucía Cotzumalguapa,0502,Km. 92.5 Finca Camantulul Carretera A Mazatenango,79552800,Diversificado,46,Bachillerato,001,14-06-1999,17,2,1,Rural,12,Doble,33,Anual,1,05-007,2017,2,2,2,1,"Hab,Ent,Lee,Esc",1,1,1,1,Mucho,3,5,Oirlo,1,0,0,0,1,12,0,,0,0,0,0,0,0,0,1,1,1,1,1,Torta_Cemento,0,0,1,0,0,0,Block,0,0,0,0,1,0,Lamina,0,1,0,0,0,Fuente_Natural,1,0,0,0,Natural,1,0,0,0,1,1,"Leña,Gas",1,1,0,0,1,0,0,"Televisor,Refrigerador,Equipo_Sonido,Horno_Microondas",1,1,1,0,0,0,1,0,0,0,Inodoro,0,0,1,1,Publico,0,0,0,1,0,0,46_60,0,0,0,1,0,0,0,0,Propia,0,1,1,1,0,0,0,0,0,4,0,0,0,1,0,0,4,0,0,0,1,0,0,0,1,1,5,5,1,1,0,0,1,1,5,5,40_49,4,2,2,Nuestrodiario,0,0,0,1,0,0,0,0,0,1_2,1,1,1,40_49,4,1.164,0.424,3,2,1,0
05-02-2557-46,0790986286,211623,Ordinaria,1,05960852,17,Región 5 o Central,5,Escuintla,05,Santa Lucía Cotzumalguapa,0502,Km. 92.5 Finca Camantulul Carretera A Mazatenango,79552800,Diversificado,46,Bachillerato,001,23-10-1999,17,2,0,Rural,12,Doble,33,Anual,1,05-007,2017,5,5,2,1,"Hab,Ent,Lee,Esc",1,1,1,1,Mucho,3,0,,0,0,0,0,1,11,0,,0,0,0,0,0,0,0,0,2,0,1,2,Piso_Ceramico,0,0,0,0,1,0,Block,0,0,0,0,1,0,Terraza_Fundida,0,0,0,0,1,Fuente_Natural,1,0,0,0,Comprada_Embotellada,0,0,0,1,1,1,Gas,0,1,0,0,1,1,0,"Televisor,Refrigerador,Equipo_Sonido,Computadoras",1,1,1,0,0,0,0,1,0,0,Inodoro,0,0,1,1,Publico,0,0,0,1,0,0,16_30,0,1,0,0,0,0,0,0,Alquilada,1,0,2,0,1,0,0,0,0,3,0,0,1,0,0,0,3,0,0,1,0,0,0,0,1,1,4,4,2,2,2,2,1,1,5,5,40_49,4,3,3,"Prensalibre,Nuestrodiario",1,0,0,1,0,0,0,0,0,5_6,3,1,1,40_49,4,1.091,1.405,3,4,1,1
05-02-2557-46,1606125282,211647,Ordinaria,1,05192258,17,Región 5 o Central,5,Escuintla,05,Santa Lucía Cotzumalguapa,0502,Km. 92.5 Finca Camantulul Carretera A Mazatenango,79552800,Diversificado,46,Bachillerato,001,14-10-1999,17,2,0,Rural,12,Doble,33,Anual,1,05-007,2017,2,2,2,1,"Hab,Ent,Lee,Esc",1,1,1,1,Mucho,3,0,,0,0,0,0,1,11,0,,0,0,0,0,0,0,0,0,1,3,1,3,Piso_Ceramico,0,0,0,0,1,0,Block,0,0,0,0,1,0,Lamina,0,1,0,0,0,Chorro_Publico,0,1,0,0,Comprada_Embotellada,0,0,0,1,1,1,Gas,0,1,0,0,1,1,1,"Televisor,Refrigerador,Equipo_Sonido,VHS_DVD,Lavadora_Ropa,Horno_Microondas,Computadoras",1,1,1,1,1,0,1,1,0,0,Inodoro,0,0,1,1,Automovil,0,0,0,0,0,1,16_30,0,1,0,0,0,0,0,0,Propia,0,1,1,1,0,0,0,0,0,2,0,1,0,0,0,0,3,0,0,1,0,0,0,1,1,1,3,3,3,3,Mas4,5,1,1,5,5,30_39,3,1,1,Prensalibre,1,0,0,0,0,0,0,0,0,Mas6,4,1,1,40_49,4,0.469,1.283,2,4,0,1
05-02-2557-46,6860606102,211640,Ordinaria,1,05939696,17,Región 5 o Central,5,Escuintla,05,Santa Lucía Cotzumalguapa,0502,Km. 92.5 Finca Camantulul Carretera A Mazatenango,79552800,Diversificado,46,Bachillerato,001,24-10-1999,17,2,1,Rural,12,Doble,33,Anual,1,05-007,2017,2,2,2,1,"Hab,Ent,Lee,Esc",1,1,1,1,Mucho,3,5,,0,0,0,0,1,11,0,,0,0,0,0,0,0,0,0,1,4,1,4,Piso_Ceramico,0,0,0,0,1,0,Block,0,0,0,0,1,0,Terraza_Fundida,0,0,0,0,1,Fuente_Natural,1,0,0,0,Natural,1,0,0,0,1,1,"Gas,Electricidad",0,1,1,1,1,1,1,"Televisor,Refrigerador,Equipo_Sonido,VHS_DVD,Lavadora_Ropa,Computadoras,Consola_Videojuegos,Otros_Electrodomesticos",1,1,1,1,1,0,0,1,1,1,Inodoro,0,0,1,1,Bus_Escolar,0,0,0,0,1,0,31_45,0,0,1,0,0,0,0,0,Propia,0,1,2,0,1,0,0,0,0,3,0,0,1,0,0,0,2,0,1,0,0,0,0,0,1,1,3,3,1,1,3,3,1,1,5,5,40_49,4,2,2,"Prensalibre,Nuestrodiario",1,0,0,1,0,0,0,0,0,1_2,1,1,1,40_49,4,0.947,1.684,2,4,0,1
05-02-2557-46,0827476605,211638,Ordinaria,1,05994246,17,Región 5 o Central,5,Escuintla,05,Santa Lucía Cotzumalguapa,0502,Km. 92.5 Finca Camantulul Carretera A Mazatenango,79552800,Diversificado,46,Bachillerato,001,06-11-1999,17,2,0,Rural,12,Doble,33,Anual,1,05-007,2017,2,2,2,1,"Hab,Ent,Lee,Esc",1,1,1,1,Mucho,3,5,,0,0,0,0,1,11,0,,0,0,0,0,0,0,0,0,2,0,1,4,Torta_Cemento,0,0,1,0,0,0,Block,0,0,0,0,1,0,Duralita,0,0,0,1,0,Tuberia,0,0,1,0,Comprada_Embotellada,0,0,0,1,1,1,"Gas,Electricidad",0,1,1,0,1,1,1,"Televisor,Refrigerador,Equipo_Sonido,Lavadora_Ropa,Horno_Microondas,Computadoras,Otros_Electrodomesticos",1,1,1,0,1,0,1,1,0,1,Inodoro,0,0,1,0,Bus_Escolar,0,0,0,0,1,0,76_90,0,0,0,0,0,1,0,0,Propia,0,1,1,1,0,0,0,0,0,,0,0,0,0,0,0,1,1,0,0,0,0,0,0,1,1,3,3,1,1,Mas4,5,1,1,5,5,40_49,4,0,0,,0,0,0,0,0,0,0,0,0,3_4,2,1,1,40_49,4,1.39,2.501,3,4,1,1
05-02-2557-46,7894901866,211659,Ordinaria,1,05413732,17,Región 5 o Central,5,Escuintla,05,Santa Lucía Cotzumalguapa,0502,Km. 92.5 Finca Camantulul Carretera A Mazatenango,79552800,Diversificado,46,Bachillerato,001,23-03-2000,17,2,0,Rural,12,Doble,33,Anual,1,05-007,2017,2,2,2,1,"Hab,Ent,Lee,Esc",1,1,1,1,Mucho,3,0,,0,0,0,0,1,11,0,,0,0,0,0,0,0,0,0,1,3,1,3,Piso_Ceramico,0,0,0,0,1,0,Block,0,0,0,0,1,0,Terraza_Fundida,0,0,0,0,1,Tuberia,0,0,1,0,Comprada_Embotellada,0,0,0,1,1,1,Gas,0,1,0,0,1,1,0,"Televisor,Refrigerador,VHS_DVD,Horno_Microondas,Computadoras,Consola_Videojuegos",1,1,0,1,0,0,1,1,1,0,Inodoro,0,0,1,0,Bus_Escolar,0,0,0,0,1,0,16_30,0,1,0,0,0,0,0,0,Propia,0,1,2,0,1,0,0,0,0,3,0,0,1,0,0,0,2,0,1,0,0,0,0,1,1,1,4,4,2,2,1,1,1,1,5,5,40_49,4,1,1,Nuestrodiario,0,0,0,1,0,0,0,0,0,5_6,3,2,2,40_49,4,-0.39,0.518,1,3,0,1
05-02-2557-46,6487677572,211667,Ordinaria,1,05584275,17,Región 5 o Central,5,Escuintla,05,Santa Lucía Cotzumalguapa,0502,Km. 92.5 Finca Camantulul Carretera A Mazatenango,79552800,Diversificado,46,Bachillerato,001,21-05-1999,18,3,0,Rural,12,Doble,33,Anual,1,05-007,2017,2,2,2,1,"Hab,Ent,Lee,Esc",1,1,1,1,Mucho,3,0,,0,0,0,0,1,11,0,,0,0,0,0,0,0,0,0,1,4,1,4,Piso_Ceramico,0,0,0,0,1,0,Block,0,0,0,0,1,0,Terraza_Fundida,0,0,0,0,1,Tuberia,0,0,1,0,Comprada_Embotellada,0,0,0,1,1,1,Gas,0,1,0,0,1,1,0,"Televisor,Refrigerador,VHS_DVD,Computadoras",1,1,0,1,0,0,0,1,0,0,Inodoro,0,0,1,1,Automovil,0,0,0,0,0,1,0_15,1,0,0,0,0,0,0,0,Propia,0,1,2,0,1,0,0,0,0,3,0,0,1,0,0,0,2,0,1,0,0,0,0,0,1,1,2,2,1,1,1,1,1,1,5,5,40_49,4,6,6,Prensalibre,1,0,0,0,0,0,0,0,0,5_6,3,4,4,40_49,4,-0.064,1.059,1,4,0,1
05-02-2557-46,0289013415,211643,Ordinaria,1,05642573,17,Región 5 o Central,5,Escuintla,05,Santa Lucía Cotzumalguapa,0502,Km. 92.5 Finca Camantulul Carretera A Mazatenango,79552800,Diversificado,46,Bachillerato,001,23-07-1999,17,2,0,Rural,12,Doble,33,Anual,1,05-007,2017,2,2,2,1,"Hab,Ent,Lee,Esc",1,1,1,1,Mucho,3,5,,0,0,0,0,1,11,0,,0,0,0,0,0,0,0,0,2,0,2,0,Piso_Ceramico,0,0,0,0,1,0,Block,0,0,0,0,1,0,Terraza_Fundida,0,0,0,0,1,Comprada,0,0,0,1,Comprada_Embotellada,0,0,0,1,1,1,Gas,0,1,0,1,1,1,1,"Televisor,Refrigerador,Equipo_Sonido,VHS_DVD,Lavadora_Ropa,Horno_Microondas,Computadoras,Consola_Videojuegos",1,1,1,1,1,0,1,1,1,0,Inodoro,0,0,1,1,Bus_Escolar,0,0,0,0,1,0,0_15,1,0,0,0,0,0,0,0,Propia,0,1,3,0,0,1,0,0,0,Mas5,0,0,0,0,0,1,4,0,0,0,1,0,0,0,1,1,1,1,3,3,Mas4,5,1,1,5,5,40_49,4,2,2,Nuestrodiario,0,0,0,1,0,0,0,0,0,Mas6,4,1,1,40_49,4,1.307,2.643,3,4,1,1
05-02-2557-46,2812712152,211655,Ordinaria,1,05313901,17,Región 5 o Central,5,Escuintla,05,Santa Lucía Cotzumalguapa,0502,Km. 92.5 Finca Camantulul Carretera A Mazatenango,79552800,Diversificado,46,Bachillerato,001,10-03-1999,18,3,1,Rural,12,Doble,33,Anual,1,05-007,2017,2,2,2,1,"Hab,Ent,Lee,Esc",1,1,1,1,Mucho,3,5,,0,0,0,0,1,11,0,,0,0,0,0,0,0,0,0,2,0,1,4,Torta_Cemento,0,0,1,0,0,0,Block,0,0,0,0,1,0,Terraza_Fundida,0,0,0,0,1,Fuente_Natural,1,0,0,0,Natural,1,0,0,0,1,0,Gas,0,1,0,1,1,1,1,"Televisor,Refrigerador,Equipo_Sonido,Lavadora_Ropa,Horno_Microondas,Otros_Electrodomesticos",1,1,1,0,1,0,1,0,0,1,Inodoro,0,0,1,1,Bus_Escolar,0,0,0,0,1,0,16_30,0,1,0,0,0,0,0,0,Alquilada,1,0,2,0,1,0,0,0,0,2,0,1,0,0,0,0,2,0,1,0,0,0,0,0,1,1,1,1,2,2,1,1,1,1,5,5,40_49,4,0,0,Prensalibre,1,0,0,0,0,0,0,0,0,5_6,3,1,1,40_49,4,-0.294,0.204,1,2,0,0
05-02-2557-46,0828934063,211624,Ordinaria,1,05811139,17,Región 5 o Central,5,Escuintla,05,Santa Lucía Cotzumalguapa,0502,Km. 92.5 Finca Camantulul Carretera A Mazatenango,79552800,Diversificado,46,Bachillerato,001,15-10-1999,17,2,0,Rural,12,Doble,33,Anual,1,05-007,2017,2,2,2,1,"Hab,Ent,Lee,Esc",1,1,1,1,Mucho,3,0,,0,0,0,0,1,11,0,,0,0,0,0,0,0,0,0,1,3,2,0,Piso_Ceramico,0,0,0,0,1,0,Block,0,0,0,0,1,0,Teja,0,0,1,0,0,Fuente_Natural,1,0,0,0,Comprada_Embotellada,0,0,0,1,1,1,"Leña,Gas",1,1,0,1,1,1,0,"Televisor,Refrigerador,Horno_Microondas,Computadoras",1,1,0,0,0,0,1,1,0,0,Inodoro,0,0,1,1,Publico,0,0,0,1,0,0,61_75,0,0,0,0,1,0,0,0,Propia,0,1,1,1,0,0,0,0,0,5,0,0,0,0,1,0,3,0,0,1,0,0,0,0,1,1,3,3,2,2,3,3,1,1,5,5,40_49,4,1,1,Nuestrodiario,0,0,0,1,0,0,0,0,0,5_6,3,1,1,40_49,4,-0.294,-0.326,1,1,0,0
05-02-2557-46,5236380265,211666,Ordinaria,1,05751057,17,Región 5 o Central,5,Escuintla,05,Santa Lucía Cotzumalguapa,0502,Km. 92.5 Finca Camantulul Carretera A Mazatenango,79552800,Diversificado,46,Bachillerato,001,07-02-1998,19,4,1,Rural,12,Doble,33,Anual,1,05-007,2017,2,2,2,1,"Hab,Ent,Lee,Esc",1,1,1,1,Mucho,3,1,,0,0,0,0,1,12,1,Segundo,0,1,0,0,0,0,0,0,1,4,1,4,Piso_Ceramico,0,0,0,0,1,0,Block,0,0,0,0,1,0,Terraza_Fundida,0,0,0,0,1,Chorro_Publico,0,1,0,0,Comprada_Embotellada,0,0,0,1,1,1,"Leña,Gas",1,1,0,1,1,1,0,"Televisor,Refrigerador,Equipo_Sonido,VHS_DVD,Lavadora_Ropa,Secadora_Ropa,Horno_Microondas,Computadoras,Consola_Videojuegos",1,1,1,1,1,1,1,1,1,0,Inodoro,0,0,1,1,Bus_Escolar,0,0,0,0,1,0,46_60,0,0,0,1,0,0,0,0,Propia,0,1,1,1,0,0,0,0,0,4,0,0,0,1,0,0,2,0,1,0,0,0,0,1,1,1,3,3,2,2,3,3,1,1,3,3,60_69,6,4,4,Nuestrodiario,0,0,0,1,0,0,0,0,0,5_6,3,5,5,30_39,3,-0.294,-0.237,1,1,0,0
05-02-2557-46,3479551066,211634,Ordinaria,1,05815602,17,Región 5 o Central,5,Escuintla,05,Santa Lucía Cotzumalguapa,0502,Km. 92.5 Finca Camantulul Carretera A Mazatenango,79552800,Diversificado,46,Bachillerato,001,23-10-1999,17,2,1,Rural,12,Doble,33,Anual,1,05-007,2017,2,2,2,1,"Hab,Ent,Lee,Esc",1,1,1,1,Mucho,3,5,,0,0,0,0,1,12,0,,0,0,0,0,0,0,0,0,1,2,1,1,Torta_Cemento,0,0,1,0,0,0,Block,0,0,0,0,1,0,Lamina,0,1,0,0,0,Tuberia,0,0,1,0,Comprada_Embotellada,0,0,0,1,1,1,Gas,0,1,0,1,1,1,1,"Televisor,Refrigerador,Lavadora_Ropa,Computadoras,Consola_Videojuegos",1,1,0,0,1,0,0,1,1,0,Inodoro,0,0,1,0,Bus_Escolar,0,0,0,0,1,0,0_15,1,0,0,0,0,0,0,0,Alquilada,1,0,1,1,0,0,0,0,0,1,1,0,0,0,0,0,3,0,0,1,0,0,0,0,1,1,3,3,2,2,3,3,1,1,5,5,40_49,4,0,0,Nuestrodiario,0,0,0,1,0,0,0,0,0,Mas6,4,1,1,40_49,4,3.955,2.247,4,4,1,1
05-02-2557-46,3404993191,211674,Ordinaria,1,05856924,17,Región 5 o Central,5,Escuintla,05,Santa Lucía Cotzumalguapa,0502,Km. 92.5 Finca Camantulul Carretera A Mazatenango,79552800,Diversificado,46,Bachillerato,001,02-02-2000,17,2,1,Rural,12,Doble,33,Anual,1,05-007,2017,2,2,2,1,"Hab,Ent,Lee,Esc",1,1,1,1,Mucho,3,1,,0,0,0,0,1,12,0,,0,0,0,0,0,0,0,0,2,0,1,1,Torta_Cemento,0,0,1,0,0,0,Lamina,0,0,0,1,0,0,Lamina,0,1,0,0,0,Fuente_Natural,1,0,0,0,Natural,1,0,0,0,1,0,"Leña,Gas",1,1,0,0,0,1,0,"Televisor,Refrigerador,Computadoras",1,1,0,0,0,0,0,1,0,0,Letrina,0,1,0,0,Publico,0,0,0,1,0,0,16_30,0,1,0,0,0,0,0,0,Alquilada,1,0,1,1,0,0,0,0,0,2,0,1,0,0,0,0,1,1,0,0,0,0,0,0,1,1,2,2,1,1,,9,1,0,5,5,30_39,3,0,0,,0,0,0,0,0,0,0,0,0,5_6,3,2,2,40_49,4,-0.54,-0.603,1,1,0,0
05-02-2557-46,7809069817,211673,Ordinaria,1,05199178,17,Región 5 o Central,5,Escuintla,05,Santa Lucía Cotzumalguapa,0502,Km. 92.5 Finca Camantulul Carretera A Mazatenango,79552800,Diversificado,46,Bachillerato,001,28-01-1998,19,4,0,Rural,12,Doble,33,Anual,1,05-007,2017,2,2,2,1,"Hab,Ent,Lee,Esc",1,1,1,1,Mucho,3,0,,0,0,0,0,1,11,0,,0,0,0,0,0,0,#NULL!,0,1,2,1,1,Piso_Ceramico,0,0,0,0,1,0,Block,0,0,0,0,1,0,Teja,0,0,1,0,0,Tuberia,0,0,1,0,Comprada_Embotellada,0,0,0,1,1,0,"Gas,Electricidad",0,1,1,0,1,1,1,"Televisor,Refrigerador,Equipo_Sonido,VHS_DVD,Lavadora_Ropa,Horno_Microondas,Computadoras,Consola_Videojuegos,Otros_Electrodomesticos",1,1,1,1,1,0,1,1,1,1,Inodoro,0,0,1,1,Publico,0,0,0,1,0,0,16_30,0,1,0,0,0,0,0,0,Propia,0,1,1,1,0,0,0,0,0,4,0,0,0,1,0,0,3,0,0,1,0,0,0,1,1,1,1,1,0,0,1,1,1,1,5,5,40_49,4,1,1,Nuestrodiario,0,0,0,1,0,0,0,0,0,1_2,1,1,1,40_49,4,1.091,1.405,3,4,1,1
05-02-2557-46,2182509986,211630,Ordinaria,1,05481207,17,Región 5 o Central,5,Escuintla,05,Santa Lucía Cotzumalguapa,0502,Km. 92.5 Finca Camantulul Carretera A Mazatenango,79552800,Diversificado,46,Bachillerato,001,13-01-1998,19,4,1,Rural,12,Doble,33,Anual,1,05-007,2017,2,2,2,1,"Hab,Ent,Lee,Esc",1,1,1,1,Mucho,3,5,,0,0,0,0,0,11,1,Primero,1,0,0,0,0,0,0,0,1,3,1,1,Piso_Granito,0,0,0,1,0,0,Lamina,0,0,0,1,0,0,Lamina,0,1,0,0,0,Fuente_Natural,1,0,0,0,Comprada_Embotellada,0,0,0,1,1,1,Gas,0,1,0,1,1,1,1,"Televisor,Refrigerador,VHS_DVD,Horno_Microondas,Computadoras,Consola_Videojuegos",1,1,0,1,0,0,1,1,1,0,Inodoro,0,0,1,1,Bus_Escolar,0,0,0,0,1,0,0_15,1,0,0,0,0,0,0,0,Propia,0,1,1,1,0,0,0,0,0,4,0,0,0,1,0,0,4,0,0,0,1,0,0,0,1,1,3,3,3,3,3,3,1,1,5,5,30_39,3,1,1,Nuestrodiario,0,0,0,1,0,0,0,0,0,Mas6,4,1,1,40_49,4,-0.294,0.564,1,3,0,1
05-02-2557-46,3292870500,211616,Ordinaria,1,05530235,17,Región 5 o Central,5,Escuintla,05,Santa Lucía Cotzumalguapa,0502,Km. 92.5 Finca Camantulul Carretera A Mazatenango,79552800,Diversificado,46,Bachillerato,001,02-05-1999,18,3,0,Rural,12,Doble,33,Anual,1,05-007,2017,1,1,11,2,"Hab,Lee",1,0,1,0,Regular,2,1,"Escribir,Hablarlo",0,0,1,1,1,12,1,Primero,1,0,0,0,0,0,0,0,2,0,0,0,Torta_Cemento,0,0,1,0,0,0,Block,0,0,0,0,1,0,Lamina,0,1,0,0,0,Fuente_Natural,1,0,0,0,Chorro,0,1,0,0,1,1,Leña,1,0,0,0,1,0,0,Refrigerador,0,1,0,0,0,0,0,0,0,0,Inodoro,0,0,1,0,Publico,0,0,0,1,0,0,61_75,0,0,0,0,1,0,0,0,Propia,0,1,1,1,0,0,0,0,0,1,1,0,0,0,0,0,4,0,0,0,1,0,0,0,1,1,3,3,3,3,,9,1,1,5,5,40_49,4,2,2,Prensalibre,1,0,0,0,0,0,0,0,0,5_6,3,1,1,40_49,4,-0.39,-0.033,1,2,0,0
05-02-2557-46,2278571462,211660,Ordinaria,1,05228160,17,Región 5 o Central,5,Escuintla,05,Santa Lucía Cotzumalguapa,0502,Km. 92.5 Finca Camantulul Carretera A Mazatenango,79552800,Diversificado,46,Bachillerato,001,27-10-1999,17,2,0,Rural,12,Doble,33,Anual,1,05-007,2017,2,2,2,1,"Hab,Ent,Lee,Esc",1,1,1,1,Mucho,3,5,,0,0,0,0,1,11,0,,0,0,0,0,0,0,0,0,1,4,1,4,Torta_Cemento,0,0,1,0,0,0,Block,0,0,0,0,1,0,Terraza_Fundida,0,0,0,0,1,Tuberia,0,0,1,0,Comprada_Embotellada,0,0,0,1,1,1,Gas,0,1,0,0,1,1,0,"Televisor,Refrigerador,VHS_DVD,Computadoras",1,1,0,1,0,0,0,1,0,0,Inodoro,0,0,1,1,Automovil,0,0,0,0,0,1,0_15,1,0,0,0,0,0,0,0,Alquilada,1,0,1,1,0,0,0,0,0,3,0,0,1,0,0,0,3,0,0,1,0,0,0,0,1,1,5,5,2,2,2,2,1,1,5,5,40_49,4,5,5,Prensalibre,1,0,0,0,0,0,0,0,0,5_6,3,5,5,40_49,4,2.922,2.034,4,4,1,1
05-02-2557-46,4031133425,211636,Ordinaria,1,05420899,17,Región 5 o Central,5,Escuintla,05,Santa Lucía Cotzumalguapa,0502,Km. 92.5 Finca Camantulul Carretera A Mazatenango,79552800,Diversificado,46,Bachillerato,001,07-08-2000,16,1,0,Rural,12,Doble,33,Anual,1,05-007,2017,2,2,2,1,"Hab,Ent,Lee,Esc",1,1,1,1,Mucho,3,0,,0,0,0,0,1,12,0,,0,0,0,0,0,0,0,0,1,3,1,3,Piso_Granito,0,0,0,1,0,0,Block,0,0,0,0,1,0,Lamina,0,1,0,0,0,Fuente_Natural,1,0,0,0,Comprada_Embotellada,0,0,0,1,1,1,Gas,0,1,0,1,1,1,1,"Televisor,Refrigerador,Lavadora_Ropa,Horno_Microondas,Computadoras",1,1,0,0,1,0,1,1,0,0,Inodoro,0,0,1,0,Bus_Escolar,0,0,0,0,1,0,0_15,1,0,0,0,0,0,0,0,Propia,0,1,1,1,0,0,0,0,0,3,0,0,1,0,0,0,2,0,1,0,0,0,0,0,1,1,3,3,2,2,Mas4,5,1,1,5,5,40_49,4,0,0,,0,0,0,0,0,0,0,0,0,5_6,3,1,1,40_49,4,-0.797,1.684,1,4,0,1
05-02-2557-46,2255326623,211670,Ordinaria,1,05932591,17,Región 5 o Central,5,Escuintla,05,Santa Lucía Cotzumalguapa,0502,Km. 92.5 Finca Camantulul Carretera A Mazatenango,79552800,Diversificado,46,Bachillerato,001,07-09-2000,16,1,1,Rural,12,Doble,33,Anual,1,05-007,2017,2,2,2,1,"Hab,Ent,Lee,Esc",1,1,1,1,Mucho,3,0,,0,0,0,0,1,#NULL!,0,,0,0,0,0,0,0,0,0,1,3,1,3,Piso_Ceramico,0,0,0,0,1,0,Block,0,0,0,0,1,0,Terraza_Fundida,0,0,0,0,1,Tuberia,0,0,1,0,Comprada_Embotellada,0,0,0,1,1,1,Gas,0,1,0,0,1,1,0,"Televisor,Refrigerador,Equipo_Sonido,VHS_DVD,Computadoras",1,1,1,1,0,0,0,1,0,0,Inodoro,0,0,1,1,Bus_Escolar,0,0,0,0,1,0,46_60,0,0,0,1,0,0,0,0,Propia,0,1,1,1,0,0,0,0,0,4,0,0,0,1,0,0,3,0,0,1,0,0,0,0,1,1,3,3,2,2,2,2,1,1,5,5,40_49,4,4,4,Nuestrodiario,0,0,0,1,0,0,0,0,0,Mas6,4,5,5,40_49,4,0.469,0.382,2,2,0,0
05-02-2557-46,8738583880,211652,Ordinaria,1,05237099,17,Región 5 o Central,5,Escuintla,05,Santa Lucía Cotzumalguapa,0502,Km. 92.5 Finca Camantulul Carretera A Mazatenango,79552800,Diversificado,46,Bachillerato,001,03-11-1999,17,2,1,Rural,12,Doble,33,Anual,1,05-007,2017,2,2,2,1,"Hab,Ent,Lee,Esc",1,1,1,1,Mucho,3,0,,0,0,0,0,0,11,0,,0,0,0,0,0,0,0,0,1,1,0,0,Piso_Ceramico,0,0,0,0,1,0,Block,0,0,0,0,1,0,Terraza_Fundida,0,0,0,0,1,Tuberia,0,0,1,0,Comprada_Embotellada,0,0,0,1,1,1,"Gas,Electricidad",0,1,1,1,1,1,1,"Televisor,Refrigerador,VHS_DVD,Lavadora_Ropa,Computadoras",1,1,0,1,1,0,0,1,0,0,Inodoro,0,0,1,1,Motocicleta,0,0,1,0,0,0,0_15,1,0,0,0,0,0,0,0,Propia,0,1,2,0,1,0,0,0,0,5,0,0,0,0,1,0,2,0,1,0,0,0,0,0,1,1,4,4,1,1,3,3,1,1,5,5,40_49,4,3,3,Nuestrodiario,0,0,0,1,0,0,0,0,0,Ninguno,0,1,1,40_49,4,0.469,1.059,2,4,0,1
05-02-2557-46,6352766944,211615,Ordinaria,1,05305282,17,Región 5 o Central,5,Escuintla,05,Santa Lucía Cotzumalguapa,0502,Km. 92.5 Finca Camantulul Carretera A Mazatenango,79552800,Diversificado,46,Bachillerato,001,04-09-2000,16,1,0,Rural,12,Doble,33,Anual,1,05-007,2017,2,2,2,1,"Hab,Ent,Lee,Esc",1,1,1,1,Mucho,3,5,,0,0,0,0,1,12,0,,0,0,0,0,0,0,0,0,1,1,1,4,Piso_Ceramico,0,0,0,0,1,0,Block,0,0,0,0,1,0,Terraza_Fundida,0,0,0,0,1,Fuente_Natural,1,0,0,0,Comprada_Embotellada,0,0,0,1,1,1,Gas,0,1,0,1,1,1,1,"Televisor,Refrigerador,Equipo_Sonido,VHS_DVD,Lavadora_Ropa,Horno_Microondas,Computadoras,Otros_Electrodomesticos",1,1,1,1,1,0,1,1,0,1,Inodoro,0,0,1,1,Bus_Escolar,0,0,0,0,1,0,16_30,0,1,0,0,0,0,0,0,Propia,0,1,2,0,1,0,0,0,0,3,0,0,1,0,0,0,1,1,0,0,0,0,0,1,1,1,1,1,2,2,3,3,1,1,5,5,40_49,4,0,0,,0,0,0,0,0,0,0,0,0,Mas6,4,1,1,40_49,4,-0.146,3.255,1,4,0,1
05-02-2557-46,0590185089,211663,Ordinaria,1,05638093,17,Región 5 o Central,5,Escuintla,05,Santa Lucía Cotzumalguapa,0502,Km. 92.5 Finca Camantulul Carretera A Mazatenango,79552800,Diversificado,46,Bachillerato,001,03-02-2000,17,2,1,Rural,12,Doble,33,Anual,1,05-007,2017,3,3,2,1,"Hab,Ent,Lee,Esc",1,1,1,1,Mucho,3,5,Oirlo,1,0,0,0,1,12,0,,0,0,0,0,0,0,0,0,1,4,1,4,Torta_Cemento,0,0,1,0,0,0,Block,0,0,0,0,1,0,Terraza_Fundida,0,0,0,0,1,Tuberia,0,0,1,0,Comprada_Embotellada,0,0,0,1,1,1,Gas,0,1,0,1,1,1,1,"Televisor,Refrigerador,Equipo_Sonido,Lavadora_Ropa,Horno_Microondas,Computadoras,Consola_Videojuegos",1,1,1,0,1,0,1,1,1,0,Inodoro,0,0,1,1,Bus_Escolar,0,0,0,0,1,0,46_60,0,0,0,1,0,0,0,0,Propia,0,1,"1,3",1,0,1,0,0,0,3,0,0,1,0,0,0,3,0,0,1,0,0,0,0,1,1,3,3,1,1,,9,1,0,3,3,40_49,4,0,0,,0,0,0,0,0,0,0,0,0,5_6,3,Ninguno,0,40_49,4,0.196,-0.883,2,1,0,0
05-02-2557-46,0651707248,211646,Ordinaria,1,05824609,17,Región 5 o Central,5,Escuintla,05,Santa Lucía Cotzumalguapa,0502,Km. 92.5 Finca Camantulul Carretera A Mazatenango,79552800,Diversificado,46,Bachillerato,001,11-07-2000,16,1,1,Rural,12,Doble,33,Anual,1,05-007,2017,2,2,2,1,"Hab,Ent,Lee,Esc",1,1,1,1,Mucho,3,5,,0,0,0,0,0,11,0,,0,0,0,0,0,0,0,0,1,2,0,0,Torta_Cemento,0,0,1,0,0,0,Block,0,0,0,0,1,0,Terraza_Fundida,0,0,0,0,1,Chorro_Publico,0,1,0,0,Comprada_Embotellada,0,0,0,1,1,1,"Leña,Gas",1,1,0,0,1,1,0,"Televisor,Refrigerador,Equipo_Sonido,VHS_DVD,Lavadora_Ropa,Horno_Microondas,Computadoras",1,1,1,1,1,0,1,1,0,0,Inodoro,0,0,1,1,Publico,0,0,0,1,0,0,31_45,0,0,1,0,0,0,0,0,Propia,0,1,1,1,0,0,0,0,0,5,0,0,0,0,1,0,4,0,0,0,1,0,0,0,1,1,3,3,1,1,2,2,1,1,5,5,40_49,4,4,4,Nuestrodiario,0,0,0,1,0,0,0,0,0,Mas6,4,1,1,40_49,4,0.778,1.534,2,4,0,1
05-02-2557-46,3368222548,211654,Ordinaria,1,05701865,17,Región 5 o Central,5,Escuintla,05,Santa Lucía Cotzumalguapa,0502,Km. 92.5 Finca Camantulul Carretera A Mazatenango,79552800,Diversificado,46,Bachillerato,001,31-12-2000,16,1,1,Rural,12,Doble,33,Anual,1,05-007,2017,2,2,2,1,"Hab,Ent,Lee,Esc",1,1,1,1,Mucho,3,5,,0,0,0,0,1,11,0,,0,0,0,0,0,0,0,0,1,2,1,2,Piso_Ceramico,0,0,0,0,1,0,Block,0,0,0,0,1,0,Terraza_Fundida,0,0,0,0,1,Fuente_Natural,1,0,0,0,Natural,1,0,0,0,1,1,"Leña,Gas,Electricidad",1,1,1,0,1,1,0,"Televisor,Refrigerador,Equipo_Sonido,VHS_DVD,Horno_Microondas,Computadoras,Consola_Videojuegos,Otros_Electrodomesticos",1,1,1,1,0,0,1,1,1,1,Inodoro,0,0,1,1,Publico,0,0,0,1,0,0,31_45,0,0,1,0,0,0,0,0,Propia,0,1,1,1,0,0,0,0,0,4,0,0,0,1,0,0,3,0,0,1,0,0,0,1,1,1,4,4,1,1,3,3,1,0,5,5,40_49,4,4,4,Nuestrodiario,0,0,0,1,0,0,0,0,0,3_4,2,1,1,40_49,4,0.365,1.283,2,4,0,1
05-02-2557-46,3522577268,211620,Ordinaria,1,05427824,17,Región 5 o Central,5,Escuintla,05,Santa Lucía Cotzumalguapa,0502,Km. 92.5 Finca Camantulul Carretera A Mazatenango,79552800,Diversificado,46,Bachillerato,001,19-12-1998,18,3,1,Rural,12,Doble,33,Anual,1,05-007,2017,2,2,2,1,"Hab,Ent,Lee,Esc",1,1,1,1,Mucho,3,0,,0,0,0,0,1,11,0,,0,0,0,0,0,0,0,0,1,4,1,3,Piso_Ceramico,0,0,0,0,1,0,Block,0,0,0,0,1,0,Terraza_Fundida,0,0,0,0,1,Tuberia,0,0,1,0,Comprada_Embotellada,0,0,0,1,1,1,"Gas,Electricidad",0,1,1,1,1,1,1,"Televisor,Refrigerador,Equipo_Sonido,VHS_DVD,Lavadora_Ropa,Horno_Microondas,Computadoras,Consola_Videojuegos,Otros_Electrodomesticos",1,1,1,1,1,0,1,1,1,1,Inodoro,0,0,1,1,Motocicleta,0,0,1,0,0,0,0_15,1,0,0,0,0,0,0,0,Propia,0,1,2,0,1,0,0,0,0,3,0,0,1,0,0,0,3,0,0,1,0,0,0,0,1,1,3,3,1,1,1,1,1,1,5,5,40_49,4,1,1,Nuestrodiario,0,0,0,1,0,0,0,0,0,1_2,1,1,1,40_49,4,1.507,2.819,4,4,1,1
05-02-2557-46,6502444049,211614,Ordinaria,1,05330159,17,Región 5 o Central,5,Escuintla,05,Santa Lucía Cotzumalguapa,0502,Km. 92.5 Finca Camantulul Carretera A Mazatenango,79552800,Diversificado,46,Bachillerato,001,02-12-1999,17,2,1,Rural,12,Doble,33,Anual,1,05-007,2017,2,2,2,1,"Hab,Ent,Lee,Esc",1,1,1,1,Mucho,3,5,,0,0,0,0,1,11,1,Segundo,0,1,0,0,0,0,0,0,1,2,1,3,Piso_Ceramico,0,0,0,0,1,0,Block,0,0,0,0,1,0,Lamina,0,1,0,0,0,Comprada,0,0,0,1,Comprada_Embotellada,0,0,0,1,1,0,Gas,0,1,0,0,1,1,0,"Televisor,Refrigerador,Equipo_Sonido,VHS_DVD,Lavadora_Ropa,Horno_Microondas,Computadoras,Consola_Videojuegos",1,1,1,1,1,0,1,1,1,0,Inodoro,0,0,1,1,Automovil,0,0,0,0,0,1,16_30,0,1,0,0,0,0,0,0,Propia,0,1,2,0,1,0,0,0,0,4,0,0,0,1,0,0,2,0,1,0,0,0,0,0,1,1,3,3,0,0,1,1,1,1,5,5,30_39,3,0,0,,0,0,0,0,0,0,0,0,0,Mas6,4,1,1,40_49,4,0.627,1.031,2,4,0,1
05-02-2557-46,5118096832,211631,Ordinaria,1,05045672,17,Región 5 o Central,5,Escuintla,05,Santa Lucía Cotzumalguapa,0502,Km. 92.5 Finca Camantulul Carretera A Mazatenango,79552800,Diversificado,46,Bachillerato,001,29-03-2000,17,2,0,Rural,12,Doble,33,Anual,1,05-007,2017,2,2,2,1,"Hab,Ent,Lee,Esc",1,1,1,1,Mucho,3,0,,0,0,0,0,1,11,0,,0,0,0,0,0,0,0,0,1,4,1,3,Piso_Ceramico,0,0,0,0,1,0,Block,0,0,0,0,1,0,Terraza_Fundida,0,0,0,0,1,Tuberia,0,0,1,0,Comprada_Embotellada,0,0,0,1,1,1,Gas,0,1,0,1,1,1,1,"Televisor,Refrigerador,VHS_DVD,Lavadora_Ropa,Horno_Microondas,Computadoras",1,1,0,1,1,0,1,1,0,0,Inodoro,0,0,1,1,Bus_Escolar,0,0,0,0,1,0,31_45,0,0,1,0,0,0,0,0,Propia,0,1,2,0,1,0,0,0,0,4,0,0,0,1,0,0,3,0,0,1,0,0,0,0,1,1,3,3,2,2,1,1,0,1,5,5,40_49,4,1,1,"Prensalibre,Nuestrodiario",1,0,0,1,0,0,0,0,0,5_6,3,1,1,40_49,4,0.154,0.658,2,3,0,1
05-02-2557-46,3054292353,211665,Ordinaria,1,05705021,17,Región 5 o Central,5,Escuintla,05,Santa Lucía Cotzumalguapa,0502,Km. 92.5 Finca Camantulul Carretera A Mazatenango,79552800,Diversificado,46,Bachillerato,001,16-07-2000,16,1,1,Rural,12,Doble,33,Anual,1,05-007,2017,2,2,2,1,"Hab,Ent,Lee,Esc",1,1,1,1,Mucho,3,5,Oirlo,1,0,0,0,1,12,0,,0,0,0,0,0,0,1,3,1,5,1,5,Torta_Cemento,0,0,1,0,0,0,Ladrillo,0,0,0,0,0,1,Terraza_Fundida,0,0,0,0,1,Comprada,0,0,0,1,Comprada_Embotellada,0,0,0,1,1,1,"Leña,Gas,Electricidad",1,1,1,1,1,1,1,"Televisor,Refrigerador,Lavadora_Ropa,Horno_Microondas,Computadoras",1,1,0,0,1,0,1,1,0,0,Inodoro,0,0,1,1,Publico,0,0,0,1,0,0,46_60,0,0,0,1,0,0,0,0,Propia,0,1,3,0,0,1,0,0,0,3,0,0,1,0,0,0,3,0,0,1,0,0,0,0,1,0,3,3,1,1,0,0,1,0,5,5,70_79,7,4,4,Nuestrodiario,0,0,0,1,0,0,0,0,0,1_2,1,4,4,60_69,6,0.413,-0.489,2,1,0,0
05-02-2557-46,7604574522,211621,Ordinaria,1,05631119,17,Región 5 o Central,5,Escuintla,05,Santa Lucía Cotzumalguapa,0502,Km. 92.5 Finca Camantulul Carretera A Mazatenango,79552800,Diversificado,46,Bachillerato,001,14-06-2001,15,1,1,Rural,12,Doble,33,Anual,1,05-007,2017,2,2,2,1,"Hab,Ent,Lee,Esc",1,1,1,1,Mucho,3,5,"Leerlo,Escribir,Hablarlo",0,1,1,1,1,11,0,,0,0,0,0,0,0,0,0,1,2,1,1,Torta_Cemento,0,0,1,0,0,0,Block,0,0,0,0,1,0,Lamina,0,1,0,0,0,Chorro_Publico,0,1,0,0,Comprada_Embotellada,0,0,0,1,1,0,Gas,0,1,0,0,1,1,0,"Televisor,Refrigerador,Equipo_Sonido,Lavadora_Ropa,Computadoras",1,1,1,0,1,0,0,1,0,0,Inodoro,0,0,1,1,Automovil,0,0,0,0,0,1,0_15,1,0,0,0,0,0,0,0,Propia,0,1,2,0,1,0,0,0,0,3,0,0,1,0,0,0,3,0,0,1,0,0,0,0,1,1,5,5,2,2,2,2,1,1,5,5,40_49,4,0,0,Prensalibre,1,0,0,0,0,0,0,0,0,5_6,3,1,1,40_49,4,3.955,1.849,4,4,1,1
05-02-2557-46,1926365946,211645,Ordinaria,1,05896071,17,Región 5 o Central,5,Escuintla,05,Santa Lucía Cotzumalguapa,0502,Km. 92.5 Finca Camantulul Carretera A Mazatenango,79552800,Diversificado,46,Bachillerato,001,21-05-2000,17,2,0,Rural,12,Doble,33,Anual,1,05-007,2017,2,2,2,1,"Hab,Ent,Lee,Esc",1,1,1,1,Mucho,3,0,,0,0,0,0,1,11,0,,0,0,0,0,0,0,0,0,1,3,1,3,Piso_Granito,0,0,0,1,0,0,Block,0,0,0,0,1,0,Lamina,0,1,0,0,0,Comprada,0,0,0,1,Comprada_Cisterna,0,0,1,0,1,0,Gas,0,1,0,0,1,1,0,"Televisor,Refrigerador,Equipo_Sonido,Otros_Electrodomesticos",1,1,1,0,0,0,0,0,0,1,Inodoro,0,0,1,1,Publico,0,0,0,1,0,0,31_45,0,0,1,0,0,0,0,0,Propia,0,1,1,1,0,0,0,0,0,2,0,1,0,0,0,0,2,0,1,0,0,0,0,0,1,1,3,3,1,1,0,0,1,1,5,5,40_49,4,3,3,SigloXXI,0,1,0,0,0,0,0,0,0,Mas6,4,1,1,40_49,4,1.419,1.169,3,4,1,1
05-02-2557-46,9762364378,211635,Ordinaria,1,05486890,17,Región 5 o Central,5,Escuintla,05,Santa Lucía Cotzumalguapa,0502,Km. 92.5 Finca Camantulul Carretera A Mazatenango,79552800,Diversificado,46,Bachillerato,001,30-12-2000,16,1,0,Rural,12,Doble,33,Anual,1,05-007,2017,2,2,2,1,"Hab,Ent,Lee,Esc",1,1,1,1,Mucho,3,0,,0,0,0,0,1,11,0,,0,0,0,0,0,0,0,0,1,4,1,5,Torta_Cemento,0,0,1,0,0,0,Block,0,0,0,0,1,0,Terraza_Fundida,0,0,0,0,1,Comprada,0,0,0,1,Comprada_Embotellada,0,0,0,1,1,0,Gas,0,1,0,0,1,1,1,"Televisor,Refrigerador,Lavadora_Ropa,Computadoras,Otros_Electrodomesticos",1,1,0,0,1,0,0,1,0,1,Inodoro,0,0,1,1,Bus_Escolar,0,0,0,0,1,0,31_45,0,0,1,0,0,0,0,0,Propia,0,1,2,0,1,0,0,0,0,3,0,0,1,0,0,0,3,0,0,1,0,0,0,0,1,1,3,3,2,2,2,2,1,1,5,5,40_49,4,0,0,,0,0,0,0,0,0,0,0,0,3_4,2,1,1,40_49,4,1.164,2.501,3,4,1,1
05-02-2557-46,3767194998,211648,Ordinaria,1,05586968,17,Región 5 o Central,5,Escuintla,05,Santa Lucía Cotzumalguapa,0502,Km. 92.5 Finca Camantulul Carretera A Mazatenango,79552800,Diversificado,46,Bachillerato,001,05-06-1998,18,3,1,Rural,12,Doble,33,Anual,1,05-007,2017,2,2,2,1,"Hab,Ent,Lee,Esc",1,1,1,1,Mucho,3,0,,0,0,0,0,1,12,0,,0,0,0,0,0,0,0,0,1,3,1,1,Torta_Cemento,0,0,1,0,0,0,Block,0,0,0,0,1,0,Lamina,0,1,0,0,0,"Fuente_Natural,Tuberia",1,0,1,0,Comprada_Embotellada,0,0,0,1,1,1,"Leña,Gas",1,1,0,0,1,1,0,"Televisor,Refrigerador,Equipo_Sonido,Lavadora_Ropa,Computadoras,Consola_Videojuegos",1,1,1,0,1,0,0,1,1,0,Inodoro,0,0,1,1,"Bus_Escolar,Motocicleta,Automovil",0,0,1,0,1,1,0_15,1,0,0,0,0,0,0,0,Propia,0,1,1,1,0,0,0,0,0,2,0,1,0,0,0,0,2,0,1,0,0,0,0,0,1,1,4,4,1,1,0,0,1,0,3,3,60_69,6,5,5,Nuestrodiario,0,0,0,1,0,0,0,0,0,1_2,1,5,5,0_19,1,0.365,0.028,2,2,0,0
