Cod_Estable,Cod_Evaluacion,Cantidad_Estud,Num_Boleta,Barcode,Tipo_Eval,Mate_Tipo_Eval,Lect_Tipo_Eval,Corr_Año,Region,Cod_Region,Departamento,Cod_Depa,Municipio,Cod_Muni,Nivel,Cod_Nivel,Rama_Abstracta,Cod_Rama_Abstracta,Fecha_Nacimiento,Edad,Edad_Reco,Sexo_Reco,Sector,Area,Cod_Area,Jornada,Cod_Jornada,Ciclo,Cod_Ciclo,Cod_Distrito,Año_Cierre,Identificacion_Etnica_RECO,Ed_Asistio_Preprimaria,Ed_Repitio_Algun_Grado,Ed_Trabaja_Actualmente,Fm_Asistio_Escuela_Papa,Fm_Grado_Alcanzo_Papa_RECO,Fm_Asistio_Escuela_Mama,Fm_Grado_Alcanzo_Mama_RECO,CC_Material_Predomina_En_Piso_Casa,Pp_Tierra,Pp_Madera_Rustica,Pp_Torta_Cemento,Pp_Piso_Granito,Pp_Piso_Ceramico,Pp_Madera_Fina,CC_Material_Predomina_En_Paredes_Casa,Pa_Madera_Rustica,Pa_Adobe,Pa_Lamina,Pa_Block,Pa_Ladrillo,Pa_Madera_Fina,CC_Material_Predomina_En_Techo_Casa,Pt_Material_Perecedero,Pt_Lamina,Pt_Teja,Pt_Duralita,Pt_Terraza_Fundida,CC_Como_Obtiene_Agua_Utiliza_Casa,Al_Fuente_Natural,Al_Chorro_Publico,Al_Tuberia,Al_Comprada,Al_Otro,CC_Servicios_Casa,Sc_Tiene_Celular,Sc_Drenaje,Sc_Servicio_Tv_Cable,Sc_Electricidad,Sc_Basura,Sc_Cuenta_Linea_Telefonica,Sc_Servicio_Internet,CC_Ambiente_Cocina_Separada,CC_Combustible_Utiliza_Cocina,CU_Leña,CU_Gas,CU_Electricidad,CC_Electrodomesticos,Smart_Tv,Secadora,Refrigerador,Computadora,Horno_Microondas,Horno_Tostador,Lavadora,Impresora,CC_Familia_Automovil,Tec_Utiliza_Internet_Para_Investigaciones,Tec_Recibido_Curso_Computacion,Mate_Periodos_Matematicas_Semana,Mate_Periodos_Matematicas_Semana_Reco,Lect_Periodos_Lectura_Semana,Lect_Periodos_Lectura_Semana_Reco,Lect_Libros_Completos_Ha_Leido,Lectura_Gusto,Lectura_Horas,Lectura_Horas_Rec,Despues_Graduacion,Grad_No_Se,Grad_Seguir_Estudiando,Grad_Trabajar,Grad_Formar_Familia,Grad_Trabajar_Extranjero,Gustaria_Universidad,Informacion_Prueba_32,Informacion_Prueba_33,Informacion_Prueba_34,Informacion_34_Guias,Informacion_34_Pruebat,Informacion_34_Reforzamiento,Informacion_34_Despues_De_Clase,Informacion_34_Otra,Informacion_34_Ninguna,Indice_Estrategias_35,Indice_Estrategias_36,Indice_Estraregias_37,Indice_Estrategias_38,Indice_Estrategias_39,Indice_Estrategias_40,Indice_Estrategias_41,Indice_Est_35_Reco,In_35_1,In_35_2,In_35_3,In_35_4,Indice_Est_36_Reco,In_36_1,In_36_2,In_36_3,In_36_4,Indice_Est_37_Reco,In_37_1,In_37_2,In_37_3,In_37_4,Indice_Est_38_Reco,In_38_1,In_38_2,In_38_3,In_38_4,Indice_Est_39_Reco,In_39_1,In_39_2,In_39_3,In_39_4,Indice_Est_40_Reco,In_40_1,In_40_2,In_40_3,In_40_4,Indice_Est_41_Reco,In_41_1,In_41_2,In_41_3,In_41_4,Indice_Lectura_42,Indice_Lectura_43,Indice_Lectura_44,Indice_Lectura_45,Indice_Lectura_46,Indice_Matematica_47,Indice_Matematica_48,Indice_Matematica_49,Indice_Matematica_50,Indice_Matematica_51,Indice_Matematica_52,Indice_Lect_42_Reco,In_42_1,In_42_2,In_42_3,In_42_4,Indice_Lect_43_Reco,In_43_1,In_43_2,In_43_3,In_43_4,Indice_Lect_44_Reco,In_44_1,In_44_2,In_44_3,In_44_4,Indice_Lect_45_Reco,In_45_1,In_45_2,In_45_3,In_45_4,Indice_Lect_46_Reco,In_46_1,In_46_2,In_46_3,In_46_4,Indice_Mate_47_Reco,In_47_1,In_47_2,In_47_3,In_47_4,Indice_Mate_48_Reco,In_48_1,In_48_2,In_48_3,In_48_4,Indice_Mate_49_Reco,In_49_1,In_49_2,In_49_3,In_49_4,Indice_Mate_50_Reco,In_50_1,In_50_2,In_50_3,In_50_4,Indice_Mate_51_Reco,In_51_1,In_51_2,In_51_3,In_51_4,Indice_Mate_52_Reco,In_52_1,In_52_2,In_52_3,In_52_4,Generalidades_53,Generalidades_53_Reco,Generalidades_54,Generalidades_54_Reco,Generalidades_55,Generalidades_56,Gen_56_Internet_Residencial,Gen_56_Celular_Datos,Gen_56_Recarga_Internet,Gen_56_Internet_Familiar,Gen_56_Internet_Amigo,Gen_56_No_Virtual,Gen_56_Cafe_Internet,Gen_56_Otro,Gen_56_Otro_Describa,Generalidades_57,Generalidades_58,Generalidades_59,Generalidades_60,Gen_60_Zoom,Gen_60_Google_Meet,Gen_60_Whatsapp,Gen_60_Ms_Teams,Gen_60_No_Virtuales,Gen_60_Otro_Programa,Gen_60_Otro_Describa,General_61_Reco,Ge_61_1,Ge_61_2,Ge_61_3,Ge_61_4,Generalidades_62,Gen_62_Senal,Gen_62_Economicos,Gen_62_Plataforma_Virtual,Gen_62_Falta_Apoyo,Gen_62_No_Dispositivo_Elec,Gen_62_Falta_Motivacion,Gen_62_Ninguna,Generalidades_63,Gen_63_Clases_Radiales,Gen_63_Clases_Tv,Gen_63_Modulo_O_Guia,Gen_63_Plataforma,Gen_63_Material_Periodicos,Gen_63_Otro_Recurso_Utilizó,Gen_63_Otro_Describa,Measure_Mate,Measure_Lect,Desempeño_Mate,Desempeño_Lect,Logro_Mate,Logro_Lect
05-02-0232-46,0503695901,42,201720,050503695901,L,L1,L1,22,Región 5 o Central,5,Escuintla,05,Santa Lucía Cotzumalguapa,0502,Diversificado,46,Bachillerato,001,05/08/2005,16,1,0,privado,Rural,12,Matutina,31,Anual,1,05-007,2022,2,1,0,0,1,3,1,4,Piso_Ceramico,0,0,0,0,1,0,Block,0,0,0,1,0,0,Terraza_Fundida,0,0,0,0,1,Comprada,0,0,0,1,0,Celulares Drenaje Electricidad Basura Internet,1,1,0,1,1,0,1,1,Gas,0,1,0,Refri Lavadora Micro Compu Smart_Tv Horno_Tostador Impresora,1,0,1,1,1,1,1,1,1,1,1,5,5,5,5,3,1,2_o_Menos,1,Estudiar,0,1,0,0,0,1,1,1,Pruebat,0,1,0,0,0,0,1,2,3,1,4,3,1,4,0,0,0,1,3,0,0,1,0,2,0,1,0,0,4,0,0,0,1,1,1,0,0,0,2,0,1,0,0,4,0,0,0,1,3,3,2,3,2,1,1,1,3,1,2,2,0,1,0,0,2,0,1,0,0,3,0,0,1,0,2,0,1,0,0,3,0,0,1,0,4,0,0,0,1,4,0,0,0,1,4,0,0,0,1,2,0,1,0,0,4,0,0,0,1,3,0,0,1,0,Hibrida,3,Presencial,1,1,Internet_Residencial No_Virtual,1,0,0,0,0,1,0,0,,0,2,2,Zoom,1,0,0,0,0,0,,3,0,0,1,0,Señal Plataforma_Virtual,1,0,1,0,0,0,0,Plataforma,0,0,0,1,0,0,,1.818,1.832,4,4,1,1
05-02-0232-46,0644817929,42,201689,050644817929,L,L1,L1,22,Región 5 o Central,5,Escuintla,05,Santa Lucía Cotzumalguapa,0502,Diversificado,46,Bachillerato,001,15/11/2004,17,2,1,privado,Rural,12,Matutina,31,Anual,1,05-007,2022,1,1,0,0,1,3,1,3,Torta_Cemento,0,0,1,0,0,0,Block,0,0,0,1,0,0,Lamina,0,1,0,0,0,Chorro_Publico,0,1,0,0,0,Celulares Drenaje Cable Electricidad Basura Telefono_Fijo Internet,1,1,1,1,1,1,1,1,Gas,0,1,0,Refri Compu Impresora,0,0,1,1,0,0,0,1,1,1,1,5,5,5,5,1,1,2_o_Menos,1,Estudiar Trabajar,0,1,1,0,0,1,1,1,Pruebat,0,1,0,0,0,0,1,1,3,2,4,3,1,4,0,0,0,1,4,0,0,0,1,2,0,1,0,0,3,0,0,1,0,1,1,0,0,0,2,0,1,0,0,4,0,0,0,1,4,3,4,3,2,2,3,2,2,2,3,1,1,0,0,0,2,0,1,0,0,1,1,0,0,0,2,0,1,0,0,3,0,0,1,0,3,0,0,1,0,2,0,1,0,0,3,0,0,1,0,3,0,0,1,0,3,0,0,1,0,2,0,1,0,0,A_Distancia,2,Hibrida,3,1,Internet_Residencial No_Virtual,1,0,0,0,0,1,0,0,,0,1,2,Zoom,1,0,0,0,0,0,,4,0,0,0,1,Señal,1,0,0,0,0,0,0,Plataforma,0,0,0,1,0,0,,0.823,0.717,2,3,0,1
05-02-0232-46,0899558295,42,201697,050899558295,L,L1,L1,22,Región 5 o Central,5,Escuintla,05,Santa Lucía Cotzumalguapa,0502,Diversificado,46,Bachillerato,001,12/10/2004,17,2,1,privado,Rural,12,Matutina,31,Anual,1,05-007,2022,2,1,1,0,1,3,1,3,Piso_Ceramico,0,0,0,0,1,0,Block,0,0,0,1,0,0,Terraza_Fundida,0,0,0,0,1,Entubada,0,0,1,0,0,Celulares Electricidad Basura Internet,1,0,0,1,1,0,1,1,Gas,0,1,0,Refri Lavadora Micro Secadora Compu Smart_Tv Horno_Tostador Impresora,1,1,1,1,1,1,1,1,1,1,1,5,5,Ninguno,0,0,0,6_o_Mas,3,Ir_Al_Extranjero,0,0,0,0,1,1,1,1,Guias Pruebat,1,1,0,0,0,0,4,1,1,1,1,1,1,1,1,0,0,0,4,0,0,0,1,4,0,0,0,1,4,0,0,0,1,4,0,0,0,1,4,0,0,0,1,4,0,0,0,1,1,1,1,1,1,1,1,1,1,1,1,4,0,0,0,1,4,0,0,0,1,4,0,0,0,1,4,0,0,0,1,4,0,0,0,1,4,0,0,0,1,4,0,0,0,1,4,0,0,0,1,4,0,0,0,1,4,0,0,0,1,4,0,0,0,1,A_Distancia,2,Presencial,1,1,Celular_Datos,0,1,0,0,0,0,0,0,,0,1,2,Zoom Google_Meet,1,1,0,0,0,0,,4,0,0,0,1,Señal Plataforma_Virtual Falta_Apoyo,1,0,1,1,0,0,0,Clases_Radiales Clases_Tv,1,1,0,0,0,0,,-0.857,-0.793,1,1,0,0
05-02-0232-46,0978064479,42,201687,050978064479,L,L1,L1,22,Región 5 o Central,5,Escuintla,05,Santa Lucía Cotzumalguapa,0502,Diversificado,46,Bachillerato,001,10/09/2005,16,1,1,privado,Rural,12,Matutina,31,Anual,1,05-007,2022,1,1,0,0,1,4,1,4,Piso_Ceramico,0,0,0,0,1,0,Block,0,0,0,1,0,0,Terraza_Fundida,0,0,0,0,1,Entubada,0,0,1,0,0,Celulares Cable Electricidad Basura Internet,1,0,1,1,1,0,1,1,Gas,0,1,0,Refri Micro Compu Smart_Tv Impresora,1,0,1,1,1,0,0,1,1,1,1,5,5,5,5,7,1,2_o_Menos,1,Estudiar,0,1,0,0,0,1,1,1,Pruebat,0,1,0,0,0,0,1,1,1,1,1,1,1,4,0,0,0,1,4,0,0,0,1,4,0,0,0,1,4,0,0,0,1,4,0,0,0,1,4,0,0,0,1,4,0,0,0,1,1,2,1,1,1,1,3,1,1,1,1,4,0,0,0,1,3,0,0,1,0,4,0,0,0,1,4,0,0,0,1,4,0,0,0,1,4,0,0,0,1,2,0,1,0,0,4,0,0,0,1,4,0,0,0,1,4,0,0,0,1,4,0,0,0,1,A_Distancia,2,Presencial,1,1,Otro,0,0,0,0,0,0,0,1,,0,1,3,Zoom,1,0,0,0,0,0,,4,0,0,0,1,Señal Plataforma_Virtual,1,0,1,0,0,0,0,Plataforma,0,0,0,1,0,0,,-0.369,-0.512,1,1,0,0
05-02-0232-46,1332275421,42,201699,051332275421,L,L1,L1,22,Región 5 o Central,5,Escuintla,05,Santa Lucía Cotzumalguapa,0502,Diversificado,46,Bachillerato,001,09/11/2004,17,2,1,privado,Rural,12,Matutina,31,Anual,1,05-007,2022,2,1,0,1,1,4,1,3,Torta_Cemento,0,0,1,0,0,0,Block,0,0,0,1,0,0,Terraza_Fundida,0,0,0,0,1,Chorro_Publico,0,1,0,0,0,Celulares Cable Electricidad Basura Internet,1,0,1,1,1,0,1,1,Gas,0,1,0,Refri Lavadora Compu Smart_Tv,1,0,1,1,0,0,1,0,1,1,1,5,5,5,5,0,1,3_A_5,2,Estudiar Trabajar,0,1,1,0,0,1,1,1,Pruebat Reforzamiento,0,1,1,0,0,0,1,1,1,1,3,4,1,4,0,0,0,1,4,0,0,0,1,4,0,0,0,1,4,0,0,0,1,2,0,1,0,0,1,1,0,0,0,4,0,0,0,1,1,2,4,1,3,1,1,1,1,2,1,4,0,0,0,1,3,0,0,1,0,1,1,0,0,0,4,0,0,0,1,2,0,1,0,0,4,0,0,0,1,4,0,0,0,1,4,0,0,0,1,4,0,0,0,1,3,0,0,1,0,4,0,0,0,1,Hibrida,3,Presencial,1,1,Internet_Residencial,1,0,0,0,0,0,0,0,,0,1,3,Zoom Whatsapp,1,0,1,0,0,0,,3,0,0,1,0,Señal Falta_Apoyo Falta_Motivacion,1,0,0,1,0,1,0,Plataforma,0,0,0,1,0,0,,0.457,0.093,2,2,0,0
05-02-0232-46,1383734551,42,201713,051383734551,L,L1,L1,22,Región 5 o Central,5,Escuintla,05,Santa Lucía Cotzumalguapa,0502,Diversificado,46,Bachillerato,001,26/08/2004,17,2,1,privado,Rural,12,Matutina,31,Anual,1,05-007,2022,2,1,1,0,1,1,1,3,Piso_Ceramico,0,0,0,0,1,0,Block,0,0,0,1,0,0,Lamina,0,1,0,0,0,Chorro_Publico,0,1,0,0,0,Celulares Drenaje Cable Electricidad Telefono_Fijo Internet,1,1,1,1,0,1,1,1,Gas,0,1,0,Refri Lavadora Compu Smart_Tv Horno_Tostador,1,0,1,1,0,1,1,0,1,1,1,3,3,5,5,7,1,2_o_Menos,1,Estudiar Trabajar,0,1,1,0,0,1,1,1,Pruebat,0,1,0,0,0,0,1,1,2,1,1,3,1,4,0,0,0,1,4,0,0,0,1,3,0,0,1,0,4,0,0,0,1,4,0,0,0,1,2,0,1,0,0,4,0,0,0,1,1,1,1,1,#NULL!,1,1,1,1,1,1,4,0,0,0,1,4,0,0,0,1,4,0,0,0,1,4,0,0,0,1,#NULL!,0,0,0,0,4,0,0,0,1,4,0,0,0,1,4,0,0,0,1,4,0,0,0,1,4,0,0,0,1,4,0,0,0,1,Hibrida,3,Presencial,1,1,Internet_Residencial,1,0,0,0,0,0,0,0,,0,1,3,Zoom,1,0,0,0,0,0,,4,0,0,0,1,Señal,1,0,0,0,0,0,0,Plataforma,0,0,0,1,0,0,,0.789,-0.698,2,1,0,0
05-02-0232-46,1881688120,42,201702,051881688120,L,L1,L1,22,Región 5 o Central,5,Escuintla,05,Santa Lucía Cotzumalguapa,0502,Diversificado,46,Bachillerato,001,12/05/2004,17,2,1,privado,Rural,12,Matutina,31,Anual,1,05-007,2022,2,1,1,0,2,1,1,3,Piso_Ceramico,0,0,0,0,1,0,Block,0,0,0,1,0,0,Terraza_Fundida,0,0,0,0,1,Otro,0,0,0,0,1,Celulares Drenaje Electricidad Internet,1,1,0,1,0,0,1,1,Gas,0,1,0,Refri Compu Smart_Tv Impresora,1,0,1,1,0,0,0,1,1,1,1,5,5,6,6,1,1,2_o_Menos,1,Estudiar,0,1,0,0,0,1,1,1,Otra,0,0,0,0,1,0,3,1,1,1,2,3,1,2,0,1,0,0,4,0,0,0,1,4,0,0,0,1,4,0,0,0,1,3,0,0,1,0,2,0,1,0,0,4,0,0,0,1,3,2,3,1,1,1,1,#NULL!,1,3,1,2,0,1,0,0,3,0,0,1,0,2,0,1,0,0,4,0,0,0,1,4,0,0,0,1,4,0,0,0,1,4,0,0,0,1,#NULL!,0,0,0,0,4,0,0,0,1,2,0,1,0,0,4,0,0,0,1,A_Distancia,2,Presencial,1,1,Internet_Residencial,1,0,0,0,0,0,0,0,,0,1,3,Zoom,1,0,0,0,0,0,,3,0,0,1,0,Señal,1,0,0,0,0,0,0,Plataforma,0,0,0,1,0,0,,-0.293,-1.17,1,1,0,0
05-02-0232-46,1894705823,42,201716,051894705823,L,L1,L1,22,Región 5 o Central,5,Escuintla,05,Santa Lucía Cotzumalguapa,0502,Diversificado,46,Bachillerato,001,09/01/2005,17,2,1,privado,Rural,12,Matutina,31,Anual,1,05-007,2022,5,1,0,0,1,3,1,3,Piso_Ceramico,0,0,0,0,1,0,Block,0,0,0,1,0,0,Terraza_Fundida,0,0,0,0,1,Chorro_Publico Comprada,0,1,0,1,0,Celulares Drenaje Cable Electricidad Basura Telefono_Fijo Internet,1,1,1,1,1,1,1,1,Gas,0,1,0,Refri Lavadora Micro Secadora Compu Smart_Tv Horno_Tostador Impresora,1,1,1,1,1,1,1,1,1,1,1,Mas_6,7,MAS_6,7,1,0,2_o_Menos,1,Estudiar,0,1,0,0,0,1,1,1,Pruebat,0,1,0,0,0,0,2,1,2,2,1,3,1,3,0,0,1,0,4,0,0,0,1,3,0,0,1,0,3,0,0,1,0,4,0,0,0,1,2,0,1,0,0,4,0,0,0,1,2,1,2,1,1,1,1,1,1,1,1,3,0,0,1,0,4,0,0,0,1,3,0,0,1,0,4,0,0,0,1,4,0,0,0,1,4,0,0,0,1,4,0,0,0,1,4,0,0,0,1,4,0,0,0,1,4,0,0,0,1,4,0,0,0,1,A_Distancia,2,Presencial,1,1,Internet_Residencial Celular_Datos,1,1,0,0,0,0,0,0,,0,1,2,Zoom Whatsapp Ms_Teams,1,0,1,1,0,0,,4,0,0,0,1,Señal No_Dispositivo_Elec,1,0,0,0,1,0,0,Plataforma Material_Periodicos,0,0,0,1,1,0,,-0.727,0.829,1,3,0,1
05-02-0232-46,2017698292,42,201719,052017698292,L,L1,L1,22,Región 5 o Central,5,Escuintla,05,Santa Lucía Cotzumalguapa,0502,Diversificado,46,Bachillerato,001,16/02/2006,16,1,0,privado,Rural,12,Matutina,31,Anual,1,05-007,2022,2,1,0,0,1,3,1,5,Piso_Ceramico,0,0,0,0,1,0,Block,0,0,0,1,0,0,Terraza_Fundida,0,0,0,0,1,Fuente_Natural Chorro_Publico Comprada,1,1,0,1,0,Celulares Drenaje Cable Electricidad Basura Internet,1,1,1,1,1,0,1,1,,0,0,0,Refri Lavadora Micro Secadora Compu Smart_Tv Horno_Tostador Impresora,1,1,1,1,1,1,1,1,1,1,1,5,5,5,5,7,1,6_o_Mas,3,Estudiar,0,1,0,0,0,1,1,1,Pruebat,0,1,0,0,0,0,1,1,1,1,3,2,1,4,0,0,0,1,4,0,0,0,1,4,0,0,0,1,4,0,0,0,1,2,0,1,0,0,3,0,0,1,0,4,0,0,0,1,1,1,1,1,1,1,1,2,1,1,1,4,0,0,0,1,4,0,0,0,1,4,0,0,0,1,4,0,0,0,1,4,0,0,0,1,4,0,0,0,1,4,0,0,0,1,3,0,0,1,0,4,0,0,0,1,4,0,0,0,1,4,0,0,0,1,A_Distancia,2,Presencial,1,1,Internet_Residencial Celular_Datos,1,1,0,0,0,0,0,0,,0,1,1,Zoom,1,0,0,0,0,0,,4,0,0,0,1,Señal No_Dispositivo_Elec,1,0,0,0,1,0,0,Modulo_o_Guia Plataforma,0,0,1,1,0,0,,1.466,1.647,4,4,1,1
05-02-0232-46,2063054095,42,201679,052063054095,L,L1,L1,22,Región 5 o Central,5,Escuintla,05,Santa Lucía Cotzumalguapa,0502,Diversificado,46,Bachillerato,001,20/10/2004,17,2,1,privado,Rural,12,Matutina,31,Anual,1,05-007,2022,2,1,0,0,1,2,1,2,Piso_Ceramico,0,0,0,0,1,0,Block,0,0,0,1,0,0,Lamina,0,1,0,0,0,Chorro_Publico,0,1,0,0,0,Celulares Drenaje Cable Electricidad Basura Telefono_Fijo Internet,1,1,1,1,1,1,1,1,Gas,0,1,0,Refri Lavadora Micro Compu Smart_Tv,1,0,1,1,1,0,1,0,1,1,1,5,5,Ninguno,0,0,0,No_Lee,0,Ir_Al_Extranjero,0,0,0,0,1,0,1,1,Guias Pruebat Reforzamiento,1,1,1,0,0,0,4,1,1,1,1,1,1,1,1,0,0,0,4,0,0,0,1,4,0,0,0,1,4,0,0,0,1,4,0,0,0,1,4,0,0,0,1,4,0,0,0,1,1,1,1,1,1,1,1,1,1,1,1,4,0,0,0,1,4,0,0,0,1,4,0,0,0,1,4,0,0,0,1,4,0,0,0,1,4,0,0,0,1,4,0,0,0,1,4,0,0,0,1,4,0,0,0,1,4,0,0,0,1,4,0,0,0,1,A_Distancia,2,Presencial,1,1,Internet_Residencial,1,0,0,0,0,0,0,0,,0,1,4,Zoom,1,0,0,0,0,0,,4,0,0,0,1,Señal,1,0,0,0,0,0,0,Plataforma,0,0,0,1,0,0,,0.168,-1.198,2,1,0,0
05-02-0232-46,2195555370,42,201680,052195555370,L,L1,L1,22,Región 5 o Central,5,Escuintla,05,Santa Lucía Cotzumalguapa,0502,Diversificado,46,Bachillerato,001,06/02/2005,17,2,1,privado,Rural,12,Matutina,31,Anual,1,05-007,2022,2,1,0,0,1,6,1,5,Granito,0,0,0,1,0,0,Block,0,0,0,1,0,0,Teja,0,0,1,0,0,Fuente_Natural,1,0,0,0,0,Celulares Drenaje Cable Internet,1,1,1,0,0,0,1,1,,0,0,0,Refri Lavadora Secadora Compu,0,1,1,1,0,0,1,0,1,1,1,3,3,2,2,2,1,2_o_Menos,1,Trabajar,0,0,1,0,0,1,1,1,Guias Pruebat,1,1,0,0,0,0,3,2,2,2,3,4,4,2,0,1,0,0,3,0,0,1,0,3,0,0,1,0,3,0,0,1,0,2,0,1,0,0,1,1,0,0,0,1,1,0,0,0,2,2,3,2,2,1,1,3,1,1,1,3,0,0,1,0,3,0,0,1,0,2,0,1,0,0,3,0,0,1,0,3,0,0,1,0,4,0,0,0,1,4,0,0,0,1,2,0,1,0,0,4,0,0,0,1,4,0,0,0,1,4,0,0,0,1,Presencial,1,Presencial,1,1,Recarga_Internet,0,0,1,0,0,0,0,0,,1,1,1,Zoom Whatsapp,1,0,1,0,0,0,,2,0,1,0,0,Señal Economicos Plataforma_Virtual,1,1,1,0,0,0,0,Plataforma Material_Periodicos,0,0,0,1,1,0,,0.896,0.412,2,2,0,0
05-02-0232-46,2279783329,42,201709,052279783329,L,L1,L1,22,Región 5 o Central,5,Escuintla,05,Santa Lucía Cotzumalguapa,0502,Diversificado,46,Bachillerato,001,14/03/2005,17,2,1,privado,Rural,12,Matutina,31,Anual,1,05-007,2022,2,1,0,0,1,4,1,4,Piso_Ceramico,0,0,0,0,1,0,Madera_Fina,0,0,0,0,0,1,Terraza_Fundida,0,0,0,0,1,Chorro_Publico,0,1,0,0,0,Celulares Drenaje Cable Electricidad Basura Telefono_Fijo Internet,1,1,1,1,1,1,1,1,Gas,0,1,0,Refri Lavadora Micro Secadora Compu Smart_Tv Horno_Tostador Impresora,1,1,1,1,1,1,1,1,1,1,1,5,5,5,5,2,1,2_o_Menos,1,Estudiar,0,1,0,0,0,1,1,1,Guias Pruebat Reforzamiento Despues_De_Clase,1,1,1,1,0,0,2,2,1,1,1,3,1,3,0,0,1,0,3,0,0,1,0,4,0,0,0,1,4,0,0,0,1,4,0,0,0,1,2,0,1,0,0,4,0,0,0,1,1,1,1,1,1,2,1,1,1,1,1,4,0,0,0,1,4,0,0,0,1,4,0,0,0,1,4,0,0,0,1,4,0,0,0,1,3,0,0,1,0,4,0,0,0,1,4,0,0,0,1,4,0,0,0,1,4,0,0,0,1,4,0,0,0,1,Hibrida,3,Presencial,1,1,Internet_Residencial Celular_Datos Internet_Familiar,1,1,0,1,0,0,0,0,,0,1,3,Zoom Whatsapp,1,0,1,0,0,0,,4,0,0,0,1,Señal Plataforma_Virtual Falta_Motivacion,1,0,1,0,0,1,0,Modulo_o_Guia Plataforma Material_Periodicos,0,0,1,1,1,0,,1.345,1.482,3,4,1,1
05-02-0232-46,2526942083,42,201698,052526942083,L,L1,L1,22,Región 5 o Central,5,Escuintla,05,Santa Lucía Cotzumalguapa,0502,Diversificado,46,Bachillerato,001,01/01/2005,17,2,0,privado,Rural,12,Matutina,31,Anual,1,05-007,2022,5,1,0,1,1,3,1,3,Piso_Ceramico,0,0,0,0,1,0,Block,0,0,0,1,0,0,Terraza_Fundida,0,0,0,0,1,Fuente_Natural Chorro_Publico,1,1,0,0,0,Celulares Cable Electricidad Internet,1,0,1,1,0,0,1,1,,0,0,0,Refri Lavadora Micro Compu Smart_Tv Horno_Tostador Impresora,1,0,1,1,1,1,1,1,1,1,1,5,5,5,5,1,0,3_A_5,2,Estudiar Trabajar,0,1,1,0,0,1,1,1,Guias Pruebat,1,1,0,0,0,0,1,1,1,1,4,4,1,4,0,0,0,1,4,0,0,0,1,4,0,0,0,1,4,0,0,0,1,1,1,0,0,0,1,1,0,0,0,4,0,0,0,1,2,3,3,2,3,1,1,1,1,1,1,3,0,0,1,0,2,0,1,0,0,2,0,1,0,0,3,0,0,1,0,2,0,1,0,0,4,0,0,0,1,4,0,0,0,1,4,0,0,0,1,4,0,0,0,1,4,0,0,0,1,4,0,0,0,1,A_Distancia,2,Presencial,1,1,No_Virtual,0,0,0,0,0,1,0,0,,0,1,2,Zoom Whatsapp,1,0,1,0,0,0,,4,0,0,0,1,Señal Plataforma_Virtual,1,0,1,0,0,0,0,Plataforma,0,0,0,1,0,0,,-0.069,0.392,1,2,0,0
05-02-0232-46,3189576270,42,201700,053189576270,L,L1,L1,22,Región 5 o Central,5,Escuintla,05,Santa Lucía Cotzumalguapa,0502,Diversificado,46,Bachillerato,001,06/12/2003,18,3,1,privado,Rural,12,Matutina,31,Anual,1,05-007,2022,1,1,1,1,1,2,1,3,Piso_Ceramico,0,0,0,0,1,0,Block,0,0,0,1,0,0,Lamina,0,1,0,0,0,Fuente_Natural,1,0,0,0,0,Celulares Cable Electricidad,1,0,1,1,0,0,0,1,Gas,0,1,0,Refri Lavadora Micro Compu,0,0,1,1,1,0,1,0,1,1,1,5,5,5,5,0,1,No_Lee,0,Trabajar Formar_Familia,0,0,1,1,0,1,1,1,Pruebat Reforzamiento,0,1,1,0,0,0,1,1,1,1,1,1,1,4,0,0,0,1,4,0,0,0,1,4,0,0,0,1,4,0,0,0,1,4,0,0,0,1,4,0,0,0,1,4,0,0,0,1,1,1,1,1,1,1,1,1,1,1,1,4,0,0,0,1,4,0,0,0,1,4,0,0,0,1,4,0,0,0,1,4,0,0,0,1,4,0,0,0,1,4,0,0,0,1,4,0,0,0,1,4,0,0,0,1,4,0,0,0,1,4,0,0,0,1,A_Distancia,2,Presencial,1,1,Celular_Datos Recarga_Internet,0,1,1,0,0,0,0,0,,1,1,2,Zoom,1,0,0,0,0,0,,4,0,0,0,1,Señal Economicos Plataforma_Virtual No_Dispositivo_Elec,1,1,1,0,1,0,0,Plataforma,0,0,0,1,0,0,,-1.141,-0.057,1,2,0,0
05-02-0232-46,3308127882,42,201718,053308127882,L,L1,L1,22,Región 5 o Central,5,Escuintla,05,Santa Lucía Cotzumalguapa,0502,Diversificado,46,Bachillerato,001,18/07/2005,16,1,1,privado,Rural,12,Matutina,31,Anual,1,05-007,2022,2,1,0,0,1,5,1,5,Piso_Ceramico,0,0,0,0,1,0,Block,0,0,0,1,0,0,Terraza_Fundida,0,0,0,0,1,Chorro_Publico,0,1,0,0,0,Celulares Drenaje Cable Electricidad Basura Telefono_Fijo Internet,1,1,1,1,1,1,1,1,Gas,0,1,0,Refri Lavadora Micro Compu Smart_Tv Horno_Tostador Impresora,1,0,1,1,1,1,1,1,1,1,1,5,5,5,5,3,1,3_A_5,2,Estudiar,0,1,0,0,0,1,1,1,Guias Pruebat Reforzamiento,1,1,1,0,0,0,1,1,3,1,3,1,1,4,0,0,0,1,4,0,0,0,1,2,0,1,0,0,4,0,0,0,1,2,0,1,0,0,4,0,0,0,1,4,0,0,0,1,2,1,2,2,2,1,1,1,1,1,1,3,0,0,1,0,4,0,0,0,1,3,0,0,1,0,3,0,0,1,0,3,0,0,1,0,4,0,0,0,1,4,0,0,0,1,4,0,0,0,1,4,0,0,0,1,4,0,0,0,1,4,0,0,0,1,A_Distancia,2,Presencial,1,1,Internet_Residencial No_Virtual,1,0,0,0,0,1,0,0,,0,2,2,Zoom Whatsapp,1,0,1,0,0,0,,4,0,0,0,1,Señal Falta_Motivacion,1,0,0,0,0,1,0,Plataforma,0,0,0,1,0,0,,2.775,0.944,4,4,1,1
05-02-0232-46,3727995623,42,201711,053727995623,L,L1,L1,22,Región 5 o Central,5,Escuintla,05,Santa Lucía Cotzumalguapa,0502,Diversificado,46,Bachillerato,001,08/02/2005,17,2,1,privado,Rural,12,Matutina,31,Anual,1,05-007,2022,2,1,1,0,1,3,1,3,Piso_Ceramico,0,0,0,0,1,0,Block,0,0,0,1,0,0,Lamina,0,1,0,0,0,Fuente_Natural,1,0,0,0,0,Celulares Cable Electricidad Basura Internet,1,0,1,1,1,0,1,0,Gas,0,1,0,Refri Lavadora Compu Smart_Tv,1,0,1,1,0,0,1,0,1,1,1,5,5,6,6,2,0,No_Lee,0,No_Se Estudiar Trabajar,1,1,1,0,0,1,1,1,Pruebat,0,1,0,0,0,0,1,1,2,2,2,3,1,4,0,0,0,1,4,0,0,0,1,3,0,0,1,0,3,0,0,1,0,3,0,0,1,0,2,0,1,0,0,4,0,0,0,1,2,3,4,3,3,1,1,2,1,3,2,3,0,0,1,0,2,0,1,0,0,1,1,0,0,0,2,0,1,0,0,2,0,1,0,0,4,0,0,0,1,4,0,0,0,1,3,0,0,1,0,4,0,0,0,1,2,0,1,0,0,3,0,0,1,0,A_Distancia,2,Presencial,1,1,Internet_Residencial,1,0,0,0,0,0,0,0,,0,1,3,Zoom,1,0,0,0,0,0,,3,0,0,1,0,Señal,1,0,0,0,0,0,0,Plataforma,0,0,0,1,0,0,,0.064,-0.604,2,1,0,0
05-02-0232-46,3756521141,42,201694,053756521141,L,L1,L1,22,Región 5 o Central,5,Escuintla,05,Santa Lucía Cotzumalguapa,0502,Diversificado,46,Bachillerato,001,25/10/2003,18,3,1,privado,Rural,12,Matutina,31,Anual,1,05-007,2022,2,1,0,0,1,4,1,3,Piso_Ceramico,0,0,0,0,1,0,Block,0,0,0,1,0,0,Lamina,0,1,0,0,0,Chorro_Publico,0,1,0,0,0,Celulares Drenaje Cable Electricidad,1,1,1,1,0,0,0,1,,0,0,0,Refri Lavadora Micro Compu Smart_Tv Horno_Tostador Impresora,1,0,1,1,1,1,1,1,0,1,1,5,5,5,5,2,1,2_o_Menos,1,Estudiar,0,1,0,0,0,1,1,1,Pruebat,0,1,0,0,0,0,1,1,3,2,3,4,1,4,0,0,0,1,4,0,0,0,1,2,0,1,0,0,3,0,0,1,0,2,0,1,0,0,1,1,0,0,0,4,0,0,0,1,3,3,3,2,3,3,3,3,2,2,2,2,0,1,0,0,2,0,1,0,0,2,0,1,0,0,3,0,0,1,0,2,0,1,0,0,2,0,1,0,0,2,0,1,0,0,2,0,1,0,0,3,0,0,1,0,3,0,0,1,0,3,0,0,1,0,A_Distancia,2,Presencial,1,1,Celular_Datos Recarga_Internet,0,1,1,0,0,0,0,0,,0,1,2,Zoom Whatsapp,1,0,1,0,0,0,,3,0,0,1,0,Señal Plataforma_Virtual Falta_Motivacion,1,0,1,0,0,1,0,Plataforma,0,0,0,1,0,0,,-0.369,0.412,1,2,0,0
05-02-0232-46,3828451612,42,201706,053828451612,L,L1,L1,22,Región 5 o Central,5,Escuintla,05,Santa Lucía Cotzumalguapa,0502,Diversificado,46,Bachillerato,001,27/01/2005,17,2,1,privado,Rural,12,Matutina,31,Anual,1,05-007,2022,2,1,0,0,1,2,1,3,Piso_Ceramico,0,0,0,0,1,0,Ladrillo,0,0,0,0,1,0,Lamina,0,1,0,0,0,Chorro_Publico,0,1,0,0,0,Celulares Drenaje Electricidad Internet,1,1,0,1,0,0,1,1,Gas,0,1,0,Refri Compu Smart_Tv Impresora,1,0,1,1,0,0,0,1,1,1,1,4,4,5,5,2,1,2_o_Menos,1,Estudiar Ir_Al_Extranjero,0,1,0,0,1,1,1,1,Pruebat,0,1,0,0,0,0,2,1,2,1,1,1,1,3,0,0,1,0,4,0,0,0,1,3,0,0,1,0,4,0,0,0,1,4,0,0,0,1,4,0,0,0,1,4,0,0,0,1,1,1,1,1,1,1,1,2,2,1,1,4,0,0,0,1,4,0,0,0,1,4,0,0,0,1,4,0,0,0,1,4,0,0,0,1,4,0,0,0,1,4,0,0,0,1,3,0,0,1,0,3,0,0,1,0,4,0,0,0,1,4,0,0,0,1,A_Distancia,2,Presencial,1,1,Internet_Residencial,1,0,0,0,0,0,0,0,,1,1,3,Zoom,1,0,0,0,0,0,,4,0,0,0,1,Señal Economicos Falta_Apoyo,1,1,0,1,0,0,0,Plataforma,0,0,0,1,0,0,,-0.857,-0.99,1,1,0,0
05-02-0232-46,3831076319,42,201681,053831076319,L,L1,L1,22,Región 5 o Central,5,Escuintla,05,Santa Lucía Cotzumalguapa,0502,Diversificado,46,Bachillerato,001,01/02/2005,17,2,1,privado,Rural,12,Matutina,31,Anual,1,05-007,2022,2,1,0,0,1,3,1,3,Piso_Ceramico,0,0,0,0,1,0,Block,0,0,0,1,0,0,Terraza_Fundida,0,0,0,0,1,Entubada,0,0,1,0,0,Celulares Drenaje Electricidad Basura Internet,1,1,0,1,1,0,1,1,Gas,0,1,0,Refri Compu Smart_Tv,1,0,1,1,0,0,0,0,1,1,1,5,5,Ninguno,0,2,1,2_o_Menos,1,Trabajar,0,0,1,0,0,1,1,1,Pruebat Reforzamiento,0,1,1,0,0,0,1,1,1,2,2,1,1,4,0,0,0,1,4,0,0,0,1,4,0,0,0,1,3,0,0,1,0,3,0,0,1,0,4,0,0,0,1,4,0,0,0,1,1,2,1,2,3,1,2,1,1,1,1,4,0,0,0,1,3,0,0,1,0,4,0,0,0,1,3,0,0,1,0,2,0,1,0,0,4,0,0,0,1,3,0,0,1,0,4,0,0,0,1,4,0,0,0,1,4,0,0,0,1,4,0,0,0,1,A_Distancia,2,Presencial,1,1,Internet_Residencial,1,0,0,0,0,0,0,0,,0,2,2,Zoom,1,0,0,0,0,0,,4,0,0,0,1,Falta_Motivacion,0,0,0,0,0,1,0,Plataforma,0,0,0,1,0,0,,0.457,0.093,2,2,0,0
05-02-0232-46,4037154581,42,201721,054037154581,L,L1,L1,22,Región 5 o Central,5,Escuintla,05,Santa Lucía Cotzumalguapa,0502,Diversificado,46,Bachillerato,001,29/07/2003,18,3,1,privado,Rural,12,Matutina,31,Anual,1,05-007,2022,2,1,1,1,1,3,1,1,Piso_Ceramico,0,0,0,0,1,0,Block,0,0,0,1,0,0,Lamina,0,1,0,0,0,Fuente_Natural,1,0,0,0,0,Electricidad Internet,0,0,0,1,0,0,1,1,,0,0,0,Refri Compu Smart_Tv,1,0,1,1,0,0,0,0,0,1,1,5,5,5,5,6,1,3_A_5,2,Estudiar Trabajar Ir_Al_Extranjero,0,1,1,0,1,1,1,1,Guias Pruebat Reforzamiento,1,1,1,0,0,0,1,1,4,1,3,3,1,4,0,0,0,1,4,0,0,0,1,1,1,0,0,0,4,0,0,0,1,2,0,1,0,0,2,0,1,0,0,4,0,0,0,1,1,2,3,2,1,1,2,1,1,1,1,4,0,0,0,1,3,0,0,1,0,2,0,1,0,0,3,0,0,1,0,4,0,0,0,1,4,0,0,0,1,3,0,0,1,0,4,0,0,0,1,4,0,0,0,1,4,0,0,0,1,4,0,0,0,1,A_Distancia,2,Hibrida,3,1,Internet_Residencial,1,0,0,0,0,0,0,0,,0,1,1,Zoom,1,0,0,0,0,0,,4,0,0,0,1,Señal Economicos No_Dispositivo_Elec,1,1,0,0,1,0,0,Plataforma,0,0,0,1,0,0,,0.457,0.958,2,4,0,1
05-02-0232-46,4137046076,42,201688,054137046076,L,L1,L1,22,Región 5 o Central,5,Escuintla,05,Santa Lucía Cotzumalguapa,0502,Diversificado,46,Bachillerato,001,19/10/2004,17,2,1,privado,Rural,12,Matutina,31,Anual,1,05-007,2022,2,1,0,0,1,3,1,1,Piso_Ceramico,0,0,0,0,1,0,Block,0,0,0,1,0,0,Terraza_Fundida,0,0,0,0,1,Fuente_Natural Entubada,1,0,1,0,0,Celulares Cable Electricidad Telefono_Fijo Internet,1,0,1,1,0,1,1,1,Gas,0,1,0,Refri Micro Compu Smart_Tv Impresora,1,0,1,1,1,0,0,1,1,1,1,5,5,5,5,3,1,6_o_Mas,3,Estudiar,0,1,0,0,0,1,1,1,Pruebat,0,1,0,0,0,0,1,1,1,1,2,3,1,4,0,0,0,1,4,0,0,0,1,4,0,0,0,1,4,0,0,0,1,3,0,0,1,0,2,0,1,0,0,4,0,0,0,1,3,1,2,1,2,2,3,1,1,2,1,2,0,1,0,0,4,0,0,0,1,3,0,0,1,0,4,0,0,0,1,3,0,0,1,0,3,0,0,1,0,2,0,1,0,0,4,0,0,0,1,4,0,0,0,1,3,0,0,1,0,4,0,0,0,1,A_Distancia,2,Presencial,1,1,Internet_Residencial,1,0,0,0,0,0,0,0,,0,1,2,Zoom,1,0,0,0,0,0,,4,0,0,0,1,Señal Falta_Apoyo,1,0,0,1,0,0,0,Plataforma,0,0,0,1,0,0,,0.039,0.834,2,3,0,1
05-02-0232-46,4574101723,42,201707,054574101723,L,L1,L1,22,Región 5 o Central,5,Escuintla,05,Santa Lucía Cotzumalguapa,0502,Diversificado,46,Bachillerato,001,07/05/2005,16,1,1,privado,Rural,12,Matutina,31,Anual,1,05-007,2022,2,1,1,0,1,3,1,3,Piso_Ceramico,0,0,0,0,1,0,Block,0,0,0,1,0,0,Lamina,0,1,0,0,0,Entubada,0,0,1,0,0,Celulares Drenaje Cable Electricidad Basura Internet,1,1,1,1,1,0,1,1,Gas,0,1,0,Refri Lavadora Micro Secadora Compu Smart_Tv Horno_Tostador Impresora,1,1,1,1,1,1,1,1,1,1,1,5,5,Ninguno,0,1,1,2_o_Menos,1,Estudiar,0,1,0,0,0,1,1,1,Guias Pruebat,1,1,0,0,0,0,1,1,1,1,3,4,1,4,0,0,0,1,4,0,0,0,1,4,0,0,0,1,4,0,0,0,1,2,0,1,0,0,1,1,0,0,0,4,0,0,0,1,3,3,3,2,2,1,1,2,1,3,2,2,0,1,0,0,2,0,1,0,0,2,0,1,0,0,3,0,0,1,0,3,0,0,1,0,4,0,0,0,1,4,0,0,0,1,3,0,0,1,0,4,0,0,0,1,2,0,1,0,0,3,0,0,1,0,A_Distancia,2,Presencial,1,1,Internet_Residencial Celular_Datos,1,1,0,0,0,0,0,0,,0,2,3,Zoom,1,0,0,0,0,0,,4,0,0,0,1,Plataforma_Virtual Falta_Apoyo Falta_Motivacion,0,0,1,1,0,1,0,Plataforma,0,0,0,1,0,0,,0.145,0.191,2,2,0,0
05-02-0232-46,5043440324,42,201683,055043440324,L,L1,L1,22,Región 5 o Central,5,Escuintla,05,Santa Lucía Cotzumalguapa,0502,Diversificado,46,Bachillerato,001,30/01/2005,17,2,0,privado,Rural,12,Matutina,31,Anual,1,05-007,2022,2,1,0,0,1,3,1,3,Piso_Ceramico,0,0,0,0,1,0,Block,0,0,0,1,0,0,Terraza_Fundida,0,0,0,0,1,Fuente_Natural,1,0,0,0,0,Celulares Drenaje Cable Electricidad Basura Internet,1,1,1,1,1,0,1,1,Gas,0,1,0,Refri Micro Compu Smart_Tv Impresora,1,0,1,1,1,0,0,1,1,1,1,5,5,5,5,3,1,2_o_Menos,1,Estudiar,0,1,0,0,0,1,1,1,Pruebat,0,1,0,0,0,0,3,2,1,1,2,3,1,2,0,1,0,0,3,0,0,1,0,4,0,0,0,1,4,0,0,0,1,3,0,0,1,0,2,0,1,0,0,4,0,0,0,1,1,1,2,1,1,1,1,1,1,1,1,4,0,0,0,1,4,0,0,0,1,3,0,0,1,0,4,0,0,0,1,4,0,0,0,1,4,0,0,0,1,4,0,0,0,1,4,0,0,0,1,4,0,0,0,1,4,0,0,0,1,4,0,0,0,1,A_Distancia,2,Presencial,1,1,Internet_Residencial Celular_Datos No_Virtual,1,1,0,0,0,1,0,0,,0,1,3,Zoom,1,0,0,0,0,0,,3,0,0,1,0,Señal No_Dispositivo_Elec Falta_Motivacion,1,0,0,0,1,1,0,Modulo_o_Guia Plataforma,0,0,1,1,0,0,,0.979,1.38,2,4,0,1
05-02-0232-46,5203667300,42,201693,055203667300,L,L1,L1,22,Región 5 o Central,5,Escuintla,05,Santa Lucía Cotzumalguapa,0502,Diversificado,46,Bachillerato,001,31/01/2005,17,2,1,privado,Rural,12,Matutina,31,Anual,1,05-007,2022,2,1,0,0,1,1,1,1,Piso_Ceramico,0,0,0,0,1,0,Block,0,0,0,1,0,0,Teja,0,0,1,0,0,Fuente_Natural,1,0,0,0,0,Celulares Drenaje Cable Electricidad Basura Telefono_Fijo Internet,1,1,1,1,1,1,1,1,Gas,0,1,0,Refri Lavadora Micro Secadora Compu Smart_Tv Horno_Tostador Impresora,1,1,1,1,1,1,1,1,1,1,1,5,5,5,5,1,1,2_o_Menos,1,Estudiar Trabajar Ir_Al_Extranjero,0,1,1,0,1,1,1,1,Pruebat Reforzamiento,0,1,1,0,0,0,2,2,2,2,1,2,2,3,0,0,1,0,3,0,0,1,0,3,0,0,1,0,3,0,0,1,0,4,0,0,0,1,3,0,0,1,0,3,0,0,1,0,2,1,1,2,1,1,1,1,1,1,1,3,0,0,1,0,4,0,0,0,1,4,0,0,0,1,3,0,0,1,0,4,0,0,0,1,4,0,0,0,1,4,0,0,0,1,4,0,0,0,1,4,0,0,0,1,4,0,0,0,1,4,0,0,0,1,A_Distancia,2,A_Distancia,2,1,Internet_Residencial,1,0,0,0,0,0,0,0,,0,1,2,Zoom Google_Meet,1,1,0,0,0,0,,2,0,1,0,0,Señal,1,0,0,0,0,0,0,Plataforma,0,0,0,1,0,0,,-0.788,-1.17,1,1,0,0
05-02-0232-46,5232681328,42,201684,055232681328,L,L1,L1,22,Región 5 o Central,5,Escuintla,05,Santa Lucía Cotzumalguapa,0502,Diversificado,46,Bachillerato,001,19/03/2005,17,2,0,privado,Rural,12,Matutina,31,Anual,1,05-007,2022,2,1,0,0,1,2,1,3,Torta_Cemento,0,0,1,0,0,0,Block,0,0,0,1,0,0,Lamina,0,1,0,0,0,Entubada,0,0,1,0,0,Celulares Cable Electricidad Internet,1,0,1,1,0,0,1,1,Gas,0,1,0,Refri Lavadora Micro Compu Smart_Tv Impresora,1,0,1,1,1,0,1,1,1,1,1,5,5,4,4,2,1,2_o_Menos,1,No_Se,1,0,0,0,0,1,1,1,Pruebat,0,1,0,0,0,0,1,1,2,1,1,3,1,4,0,0,0,1,4,0,0,0,1,3,0,0,1,0,4,0,0,0,1,4,0,0,0,1,2,0,1,0,0,4,0,0,0,1,1,1,1,1,1,1,2,1,1,1,1,4,0,0,0,1,4,0,0,0,1,4,0,0,0,1,4,0,0,0,1,4,0,0,0,1,4,0,0,0,1,3,0,0,1,0,4,0,0,0,1,4,0,0,0,1,4,0,0,0,1,4,0,0,0,1,A_Distancia,2,Presencial,1,1,Internet_Residencial,1,0,0,0,0,0,0,0,,0,1,1,Zoom,1,0,0,0,0,0,,4,0,0,0,1,No_Dispositivo_Elec,0,0,0,0,1,0,0,Clases_Tv Modulo_o_Guia Plataforma,0,1,1,1,0,0,,0.272,0.829,2,3,0,1
05-02-0232-46,5357921801,42,201690,055357921801,L,L1,L1,22,Región 5 o Central,5,Escuintla,05,Santa Lucía Cotzumalguapa,0502,Diversificado,46,Bachillerato,001,31/01/2005,17,2,1,privado,Rural,12,Matutina,31,Anual,1,05-007,2022,2,#NULL!,0,0,1,4,1,3,Piso_Ceramico,0,0,0,0,1,0,Block,0,0,0,1,0,0,Terraza_Fundida,0,0,0,0,1,Entubada,0,0,1,0,0,Celulares Drenaje Cable Electricidad Basura Telefono_Fijo Internet,1,1,1,1,1,1,1,0,Gas,0,1,0,Refri Lavadora Micro Compu Smart_Tv Horno_Tostador Impresora,1,0,1,1,1,1,1,1,1,1,1,5,5,6,6,4,0,2_o_Menos,1,Estudiar Trabajar Ir_Al_Extranjero,0,1,1,0,1,1,1,0,Pruebat,0,1,0,0,0,0,1,1,2,2,1,2,1,4,0,0,0,1,4,0,0,0,1,3,0,0,1,0,3,0,0,1,0,4,0,0,0,1,3,0,0,1,0,4,0,0,0,1,3,2,4,2,1,1,1,1,1,2,2,2,0,1,0,0,3,0,0,1,0,1,1,0,0,0,3,0,0,1,0,4,0,0,0,1,4,0,0,0,1,4,0,0,0,1,4,0,0,0,1,4,0,0,0,1,3,0,0,1,0,3,0,0,1,0,A_Distancia,2,Presencial,1,1,Internet_Residencial Celular_Datos Recarga_Internet,1,1,1,0,0,0,0,0,,0,1,2,Zoom,1,0,0,0,0,0,,4,0,0,0,1,Señal Plataforma_Virtual,1,0,1,0,0,0,0,Modulo_o_Guia Plataforma,0,0,1,1,0,0,,0.478,-1.092,2,1,0,0
05-02-0232-46,5575463234,42,201691,055575463234,L,L1,L1,22,Región 5 o Central,5,Escuintla,05,Santa Lucía Cotzumalguapa,0502,Diversificado,46,Bachillerato,001,19/01/2005,17,2,0,privado,Rural,12,Matutina,31,Anual,1,05-007,2022,2,1,0,0,1,3,1,4,Piso_Ceramico,0,0,0,0,1,0,Block,0,0,0,1,0,0,Lamina,0,1,0,0,0,Fuente_Natural,1,0,0,0,0,Celulares Cable Electricidad Basura Internet,1,0,1,1,1,0,1,1,Gas,0,1,0,Refri Micro Compu Smart_Tv Impresora,1,0,1,1,1,0,0,1,1,1,1,5,5,1,1,4,1,2_o_Menos,1,Estudiar,0,1,0,0,0,1,1,1,Guias Pruebat,1,1,0,0,0,0,1,1,1,1,3,2,1,4,0,0,0,1,4,0,0,0,1,4,0,0,0,1,4,0,0,0,1,2,0,1,0,0,3,0,0,1,0,4,0,0,0,1,1,1,2,2,2,1,1,1,1,1,1,4,0,0,0,1,4,0,0,0,1,3,0,0,1,0,3,0,0,1,0,3,0,0,1,0,4,0,0,0,1,4,0,0,0,1,4,0,0,0,1,4,0,0,0,1,4,0,0,0,1,4,0,0,0,1,A_Distancia,2,Presencial,1,1,Internet_Residencial,1,0,0,0,0,0,0,0,,0,1,1,Zoom Google_Meet Whatsapp,1,1,1,0,0,0,,4,0,0,0,1,Señal Plataforma_Virtual,1,0,1,0,0,0,0,Plataforma,0,0,0,1,0,0,,-0.069,-0.287,1,1,0,0
05-02-0232-46,5688220097,42,201685,055688220097,L,L1,L1,22,Región 5 o Central,5,Escuintla,05,Santa Lucía Cotzumalguapa,0502,Diversificado,46,Bachillerato,001,26/06/2004,17,2,0,privado,Rural,12,Matutina,31,Anual,1,05-007,2022,2,1,1,0,1,3,1,2,Piso_Ceramico,0,0,0,0,1,0,Block,0,0,0,1,0,0,Terraza_Fundida,0,0,0,0,1,Chorro_Publico,0,1,0,0,0,Celulares Drenaje Cable Electricidad Basura Internet,1,1,1,1,1,0,1,1,,0,0,0,Refri Lavadora Micro Compu Smart_Tv Horno_Tostador Impresora,1,0,1,1,1,1,1,1,0,1,1,5,5,Ninguno,0,5,1,2_o_Menos,1,Estudiar,0,1,0,0,0,1,1,1,Pruebat,0,1,0,0,0,0,1,1,1,1,1,1,1,4,0,0,0,1,4,0,0,0,1,4,0,0,0,1,4,0,0,0,1,4,0,0,0,1,4,0,0,0,1,4,0,0,0,1,1,1,#NULL!,#NULL!,2,1,1,1,1,1,1,4,0,0,0,1,4,0,0,0,1,#NULL!,0,0,0,0,#NULL!,0,0,0,0,3,0,0,1,0,4,0,0,0,1,4,0,0,0,1,4,0,0,0,1,4,0,0,0,1,4,0,0,0,1,4,0,0,0,1,A_Distancia,2,Presencial,1,1,Internet_Residencial Internet_Familiar,1,0,0,1,0,0,0,0,,0,1,2,Zoom Google_Meet Ms_Teams,1,1,0,1,0,0,,4,0,0,0,1,Señal,1,0,0,0,0,0,0,Plataforma,0,0,0,1,0,0,,0.478,0.034,2,2,0,0
05-02-0232-46,5854921419,42,201696,055854921419,L,L1,L1,22,Región 5 o Central,5,Escuintla,05,Santa Lucía Cotzumalguapa,0502,Diversificado,46,Bachillerato,001,12/05/2005,16,1,0,privado,Rural,12,Matutina,31,Anual,1,05-007,2022,2,1,0,0,1,4,1,3,Piso_Ceramico,0,0,0,0,1,0,Block,0,0,0,1,0,0,Lamina,0,1,0,0,0,Otro,0,0,0,0,1,Celulares Drenaje Electricidad Basura Internet,1,1,0,1,1,0,1,1,Gas,0,1,0,Refri Lavadora Micro Compu Smart_Tv Horno_Tostador,1,0,1,1,1,1,1,0,1,1,1,5,5,Ninguno,0,6,1,6_o_Mas,3,Estudiar Trabajar,0,1,1,0,0,1,1,1,Pruebat,0,1,0,0,0,0,1,1,2,1,2,1,1,4,0,0,0,1,4,0,0,0,1,3,0,0,1,0,4,0,0,0,1,3,0,0,1,0,4,0,0,0,1,4,0,0,0,1,1,1,1,1,1,1,1,1,1,1,1,4,0,0,0,1,4,0,0,0,1,4,0,0,0,1,4,0,0,0,1,4,0,0,0,1,4,0,0,0,1,4,0,0,0,1,4,0,0,0,1,4,0,0,0,1,4,0,0,0,1,4,0,0,0,1,Hibrida,3,Presencial,1,1,Internet_Residencial,1,0,0,0,0,0,0,0,,0,1,2,Zoom,1,0,0,0,0,0,,4,0,0,0,1,Señal,1,0,0,0,0,0,0,Plataforma Material_Periodicos,0,0,0,1,1,0,,1.004,1.332,2,4,0,1
05-02-0232-46,5914306376,42,201703,055914306376,L,L1,L1,22,Región 5 o Central,5,Escuintla,05,Santa Lucía Cotzumalguapa,0502,Diversificado,46,Bachillerato,001,02/06/2005,16,1,1,privado,Rural,12,Matutina,31,Anual,1,05-007,2022,2,1,0,0,1,4,1,3,Piso_Ceramico,0,0,0,0,1,0,Block,0,0,0,1,0,0,Terraza_Fundida,0,0,0,0,1,Otro,0,0,0,0,1,Celulares Cable Electricidad Internet,1,0,1,1,0,0,1,1,Gas,0,1,0,Refri Lavadora Micro Compu Smart_Tv Impresora,1,0,1,1,1,0,1,1,1,1,1,5,5,Ninguno,0,2,1,2_o_Menos,1,Estudiar,0,1,0,0,0,1,1,1,Guias Pruebat Reforzamiento,1,1,1,0,0,0,1,1,1,1,1,2,1,4,0,0,0,1,4,0,0,0,1,4,0,0,0,1,4,0,0,0,1,4,0,0,0,1,3,0,0,1,0,4,0,0,0,1,1,1,1,1,1,1,1,1,1,1,1,4,0,0,0,1,4,0,0,0,1,4,0,0,0,1,4,0,0,0,1,4,0,0,0,1,4,0,0,0,1,4,0,0,0,1,4,0,0,0,1,4,0,0,0,1,4,0,0,0,1,4,0,0,0,1,A_Distancia,2,Presencial,1,1,Internet_Residencial Celular_Datos,1,1,0,0,0,0,0,0,,0,1,3,Zoom Google_Meet,1,1,0,0,0,0,,4,0,0,0,1,Plataforma_Virtual Falta_Motivacion,0,0,1,0,0,1,0,Modulo_o_Guia Plataforma,0,0,1,1,0,0,,0.039,-0.287,2,1,0,0
05-02-0232-46,6115674715,42,201692,056115674715,L,L1,L1,22,Región 5 o Central,5,Escuintla,05,Santa Lucía Cotzumalguapa,0502,Diversificado,46,Bachillerato,001,22/03/2005,17,2,1,privado,Rural,12,Matutina,31,Anual,1,05-007,2022,2,1,0,0,1,4,1,3,Piso_Ceramico,0,0,0,0,1,0,Block,0,0,0,1,0,0,Terraza_Fundida,0,0,0,0,1,Entubada,0,0,1,0,0,Celulares Drenaje Cable Electricidad Basura Internet,1,1,1,1,1,0,1,1,Gas,0,1,0,Refri Lavadora Micro Compu Smart_Tv Horno_Tostador Impresora,1,0,1,1,1,1,1,1,1,1,1,5,5,5,5,1,1,2_o_Menos,1,Estudiar Trabajar,0,1,1,0,0,1,1,1,Pruebat,0,1,0,0,0,0,2,1,2,1,1,2,1,3,0,0,1,0,4,0,0,0,1,3,0,0,1,0,4,0,0,0,1,4,0,0,0,1,3,0,0,1,0,4,0,0,0,1,1,2,2,2,2,1,1,1,2,1,1,4,0,0,0,1,3,0,0,1,0,3,0,0,1,0,3,0,0,1,0,3,0,0,1,0,4,0,0,0,1,4,0,0,0,1,4,0,0,0,1,3,0,0,1,0,4,0,0,0,1,4,0,0,0,1,A_Distancia,2,Presencial,1,1,Internet_Residencial,1,0,0,0,0,0,0,0,,0,2,2,Zoom Whatsapp,1,0,1,0,0,0,,4,0,0,0,1,Plataforma_Virtual,0,0,1,0,0,0,0,Plataforma Material_Periodicos,0,0,0,1,1,0,,-0.148,0.944,1,4,0,1
05-02-0232-46,6284789245,42,201712,056284789245,L,L1,L1,22,Región 5 o Central,5,Escuintla,05,Santa Lucía Cotzumalguapa,0502,Diversificado,46,Bachillerato,001,21/08/2005,16,1,1,privado,Rural,12,Matutina,31,Anual,1,05-007,2022,2,1,0,0,1,5,1,5,Torta_Cemento,0,0,1,0,0,0,Block,0,0,0,1,0,0,Lamina,0,1,0,0,0,Fuente_Natural,1,0,0,0,0,Celulares Drenaje Electricidad Basura Telefono_Fijo Internet,1,1,0,1,1,1,1,1,Gas,0,1,0,Refri Lavadora Micro Compu Smart_Tv Impresora,1,0,1,1,1,0,1,1,1,1,1,5,5,Ninguno,0,7,1,6_o_Mas,3,Estudiar,0,1,0,0,0,1,1,1,Pruebat,0,1,0,0,0,0,1,1,3,1,1,3,1,4,0,0,0,1,4,0,0,0,1,2,0,1,0,0,4,0,0,0,1,4,0,0,0,1,2,0,1,0,0,4,0,0,0,1,1,1,1,1,1,1,1,1,1,1,1,4,0,0,0,1,4,0,0,0,1,4,0,0,0,1,4,0,0,0,1,4,0,0,0,1,4,0,0,0,1,4,0,0,0,1,4,0,0,0,1,4,0,0,0,1,4,0,0,0,1,4,0,0,0,1,A_Distancia,2,Presencial,1,1,Internet_Residencial Celular_Datos Recarga_Internet,1,1,1,0,0,0,0,0,,1,1,3,Zoom Google_Meet Whatsapp,1,1,1,0,0,0,,4,0,0,0,1,Señal Economicos Plataforma_Virtual,1,1,1,0,0,0,0,Plataforma,0,0,0,1,0,0,,0.354,0.605,2,3,0,1
05-02-0232-46,6353237630,42,201701,056353237630,L,L1,L1,22,Región 5 o Central,5,Escuintla,05,Santa Lucía Cotzumalguapa,0502,Diversificado,46,Bachillerato,001,28/02/2004,18,3,1,privado,Rural,12,Matutina,31,Anual,1,05-007,2022,2,1,1,0,1,1,1,2,Torta_Cemento,0,0,1,0,0,0,Block,0,0,0,1,0,0,Lamina,0,1,0,0,0,Chorro_Publico,0,1,0,0,0,Celulares Drenaje Cable Electricidad Basura Internet,1,1,1,1,1,0,1,1,Gas,0,1,0,Refri Compu Smart_Tv Impresora,1,0,1,1,0,0,0,1,1,1,1,5,5,6,6,1,0,No_Lee,0,Estudiar Trabajar,0,1,1,0,0,1,1,1,Pruebat,0,1,0,0,0,0,3,1,2,1,1,2,1,2,0,1,0,0,4,0,0,0,1,3,0,0,1,0,4,0,0,0,1,4,0,0,0,1,3,0,0,1,0,4,0,0,0,1,2,2,2,1,3,1,1,1,1,1,1,3,0,0,1,0,3,0,0,1,0,3,0,0,1,0,4,0,0,0,1,2,0,1,0,0,4,0,0,0,1,4,0,0,0,1,4,0,0,0,1,4,0,0,0,1,4,0,0,0,1,4,0,0,0,1,A_Distancia,2,Presencial,1,1,Internet_Residencial,1,0,0,0,0,0,0,0,,0,2,2,Zoom Whatsapp,1,0,1,0,0,0,,4,0,0,0,1,Señal,1,0,0,0,0,0,0,Clases_Tv,0,1,0,0,0,0,,-0.603,-0.239,1,1,0,0
05-02-0232-46,6386577532,42,201714,056386577532,L,L1,L1,22,Región 5 o Central,5,Escuintla,05,Santa Lucía Cotzumalguapa,0502,Diversificado,46,Bachillerato,001,16/09/2003,18,3,0,privado,Rural,12,Matutina,31,Anual,1,05-007,2022,2,1,1,0,1,4,1,4,Piso_Ceramico,0,0,0,0,1,0,Block,0,0,0,1,0,0,Lamina,0,1,0,0,0,Comprada,0,0,0,1,0,Celulares Drenaje Cable Electricidad Basura Internet,1,1,1,1,1,0,1,1,,0,0,0,Refri Lavadora Micro Compu Smart_Tv Horno_Tostador,1,0,1,1,1,1,1,0,1,1,1,6,6,4,4,7,1,2_o_Menos,1,Estudiar Trabajar,0,1,1,0,0,1,1,1,Pruebat Reforzamiento,0,1,1,0,0,0,1,1,3,1,1,3,1,4,0,0,0,1,4,0,0,0,1,2,0,1,0,0,4,0,0,0,1,4,0,0,0,1,2,0,1,0,0,4,0,0,0,1,2,3,1,1,1,1,1,3,1,1,1,3,0,0,1,0,2,0,1,0,0,4,0,0,0,1,4,0,0,0,1,4,0,0,0,1,4,0,0,0,1,4,0,0,0,1,2,0,1,0,0,4,0,0,0,1,4,0,0,0,1,4,0,0,0,1,A_Distancia,2,Presencial,1,1,Internet_Residencial,1,0,0,0,0,0,0,0,,,1,2,Zoom,1,0,0,0,0,0,,4,0,0,0,1,Señal Falta_Motivacion,1,0,0,0,0,1,0,Modulo_o_Guia Plataforma,0,0,1,1,0,0,,-0.369,-0.148,1,1,0,0
05-02-0232-46,6542553509,42,201682,056542553509,L,L1,L1,22,Región 5 o Central,5,Escuintla,05,Santa Lucía Cotzumalguapa,0502,Diversificado,46,Bachillerato,001,14/09/2004,17,2,1,privado,Rural,12,Matutina,31,Anual,1,05-007,2022,1,1,0,0,1,3,1,3,Piso_Ceramico,0,0,0,0,1,0,Block,0,0,0,1,0,0,Terraza_Fundida,0,0,0,0,1,Otro,0,0,0,0,1,Celulares Drenaje Cable Electricidad Basura Internet,1,1,1,1,1,0,1,0,Gas,0,1,0,Refri Lavadora Micro Compu Smart_Tv Horno_Tostador Impresora,1,0,1,1,1,1,1,1,1,1,1,5,5,5,5,1,1,2_o_Menos,1,No_Se,1,0,0,0,0,1,1,1,Pruebat,0,1,0,0,0,0,1,1,2,1,3,2,1,4,0,0,0,1,4,0,0,0,1,3,0,0,1,0,4,0,0,0,1,2,0,1,0,0,3,0,0,1,0,4,0,0,0,1,1,2,2,2,3,1,2,1,1,1,1,4,0,0,0,1,3,0,0,1,0,3,0,0,1,0,3,0,0,1,0,2,0,1,0,0,4,0,0,0,1,3,0,0,1,0,4,0,0,0,1,4,0,0,0,1,4,0,0,0,1,4,0,0,0,1,A_Distancia,2,Presencial,1,1,Internet_Residencial Celular_Datos,1,1,0,0,0,0,0,0,,0,1,3,Zoom,1,0,0,0,0,0,,3,0,0,1,0,Señal Falta_Motivacion,1,0,0,0,0,1,0,Modulo_o_Guia Plataforma,0,0,1,1,0,0,,-0.069,0.191,1,2,0,0
05-02-0232-46,7295103265,42,201710,057295103265,L,L1,L1,22,Región 5 o Central,5,Escuintla,05,Santa Lucía Cotzumalguapa,0502,Diversificado,46,Bachillerato,001,11/10/2004,17,2,0,privado,Rural,12,Matutina,31,Anual,1,05-007,2022,2,1,0,0,1,3,1,3,Piso_Ceramico,0,0,0,0,1,0,Block,0,0,0,1,0,0,Lamina,0,1,0,0,0,Otro,0,0,0,0,1,Celulares Drenaje Cable Electricidad Basura Telefono_Fijo Internet,1,1,1,1,1,1,1,1,,0,0,0,Refri Micro Compu Smart_Tv Horno_Tostador,1,0,1,1,1,1,0,0,0,1,1,5,5,5,5,3,1,3_A_5,2,Estudiar Trabajar,0,1,1,0,0,1,1,1,Guias Pruebat Reforzamiento,1,1,1,0,0,0,1,1,1,1,1,2,1,4,0,0,0,1,4,0,0,0,1,4,0,0,0,1,4,0,0,0,1,4,0,0,0,1,3,0,0,1,0,4,0,0,0,1,1,1,1,1,1,1,1,1,1,1,1,4,0,0,0,1,4,0,0,0,1,4,0,0,0,1,4,0,0,0,1,4,0,0,0,1,4,0,0,0,1,4,0,0,0,1,4,0,0,0,1,4,0,0,0,1,4,0,0,0,1,4,0,0,0,1,A_Distancia,2,Presencial,1,1,Internet_Residencial,1,0,0,0,0,0,0,0,,1,1,3,Zoom,1,0,0,0,0,0,,4,0,0,0,1,Señal Economicos Plataforma_Virtual Falta_Motivacion,1,1,1,0,0,1,0,Modulo_o_Guia Plataforma,0,0,1,1,0,0,,0.664,0.958,2,4,0,1
05-02-0232-46,7595921053,42,201715,057595921053,L,L1,L1,22,Región 5 o Central,5,Escuintla,05,Santa Lucía Cotzumalguapa,0502,Diversificado,46,Bachillerato,001,16/09/2005,16,1,0,privado,Rural,12,Matutina,31,Anual,1,05-007,2022,5,1,0,0,1,4,1,4,Piso_Ceramico,0,0,0,0,1,0,Block,0,0,0,1,0,0,Terraza_Fundida,0,0,0,0,1,Entubada,0,0,1,0,0,Celulares Electricidad Internet,1,0,0,1,0,0,1,1,Gas,0,1,0,Refri Lavadora Micro Compu Smart_Tv Horno_Tostador,1,0,1,1,1,1,1,0,1,1,0,5,5,5,5,2,1,2_o_Menos,1,Estudiar Trabajar,0,1,1,0,0,1,1,1,Pruebat,0,1,0,0,0,0,1,1,3,1,2,1,1,4,0,0,0,1,4,0,0,0,1,2,0,1,0,0,4,0,0,0,1,3,0,0,1,0,4,0,0,0,1,4,0,0,0,1,2,1,1,1,1,1,1,1,1,1,1,3,0,0,1,0,4,0,0,0,1,4,0,0,0,1,4,0,0,0,1,4,0,0,0,1,4,0,0,0,1,4,0,0,0,1,4,0,0,0,1,4,0,0,0,1,4,0,0,0,1,4,0,0,0,1,Presencial,1,A_Distancia,2,1,Internet_Residencial,1,0,0,0,0,0,0,0,,0,1,2,Zoom,1,0,0,0,0,0,,3,0,0,1,0,Señal,1,0,0,0,0,0,0,Plataforma Material_Periodicos,0,0,0,1,1,0,,-0.656,-0.666,1,1,0,0
05-02-0232-46,8878669619,42,201717,058878669619,L,L1,L1,22,Región 5 o Central,5,Escuintla,05,Santa Lucía Cotzumalguapa,0502,Diversificado,46,Bachillerato,001,29/09/2005,16,1,0,privado,Rural,12,Matutina,31,Anual,1,05-007,2022,2,1,0,0,1,4,1,3,Piso_Ceramico,0,0,0,0,1,0,Block,0,0,0,1,0,0,Lamina,0,1,0,0,0,Fuente_Natural,1,0,0,0,0,Celulares Cable Electricidad Telefono_Fijo Internet,1,0,1,1,0,1,1,1,Electricidad,0,0,1,Refri Lavadora Micro Secadora Compu Smart_Tv Horno_Tostador,1,1,1,1,1,1,1,0,1,1,1,5,5,5,5,5,1,3_A_5,2,Estudiar Trabajar,0,1,1,0,0,1,1,1,Pruebat,0,1,0,0,0,0,3,1,1,1,1,1,1,2,0,1,0,0,4,0,0,0,1,4,0,0,0,1,4,0,0,0,1,4,0,0,0,1,4,0,0,0,1,4,0,0,0,1,1,1,1,1,1,1,1,1,1,1,1,4,0,0,0,1,4,0,0,0,1,4,0,0,0,1,4,0,0,0,1,4,0,0,0,1,4,0,0,0,1,4,0,0,0,1,4,0,0,0,1,4,0,0,0,1,4,0,0,0,1,4,0,0,0,1,Presencial,1,Presencial,1,1,Internet_Residencial Celular_Datos,1,1,0,0,0,0,0,0,,0,1,3,Zoom Whatsapp,1,0,1,0,0,0,,3,0,0,1,0,Señal Plataforma_Virtual Falta_Apoyo No_Dispositivo_Elec Falta_Motivacion,1,0,1,1,1,1,0,Modulo_o_Guia Plataforma Material_Periodicos,0,0,1,1,1,0,,-1.299,0.719,1,3,0,1
05-02-0232-46,8924727175,42,201708,058924727175,L,L1,L1,22,Región 5 o Central,5,Escuintla,05,Santa Lucía Cotzumalguapa,0502,Diversificado,46,Bachillerato,001,09/06/2005,16,1,1,privado,Rural,12,Matutina,31,Anual,1,05-007,2022,2,0,0,0,1,2,1,3,Piso_Ceramico,0,0,0,0,1,0,Block,0,0,0,1,0,0,Terraza_Fundida,0,0,0,0,1,Chorro_Publico,0,1,0,0,0,Celulares Drenaje Cable Electricidad Basura Internet,1,1,1,1,1,0,1,1,Gas,0,1,0,Refri Lavadora Micro Compu Smart_Tv Horno_Tostador Impresora,1,0,1,1,1,1,1,1,1,1,1,5,5,Ninguno,0,2,0,No_Lee,0,Estudiar,0,1,0,0,0,1,1,1,Pruebat,0,1,0,0,0,0,1,2,3,1,3,4,1,4,0,0,0,1,3,0,0,1,0,2,0,1,0,0,4,0,0,0,1,2,0,1,0,0,1,1,0,0,0,4,0,0,0,1,3,1,4,1,1,1,1,1,1,1,2,2,0,1,0,0,4,0,0,0,1,1,1,0,0,0,4,0,0,0,1,4,0,0,0,1,4,0,0,0,1,4,0,0,0,1,4,0,0,0,1,4,0,0,0,1,4,0,0,0,1,3,0,0,1,0,A_Distancia,2,Presencial,1,1,Internet_Residencial,1,0,0,0,0,0,0,0,,0,1,3,Zoom,1,0,0,0,0,0,,3,0,0,1,0,Señal Falta_Apoyo,1,0,0,1,0,0,0,Modulo_o_Guia Plataforma Material_Periodicos,0,0,1,1,1,0,,0.685,0.034,2,2,0,0
05-02-0232-46,9119728351,42,201695,059119728351,L,L1,L1,22,Región 5 o Central,5,Escuintla,05,Santa Lucía Cotzumalguapa,0502,Diversificado,46,Bachillerato,001,10/02/2005,17,2,1,privado,Rural,12,Matutina,31,Anual,1,05-007,2022,2,1,0,1,1,4,1,4,Piso_Ceramico,0,0,0,0,1,0,Block,0,0,0,1,0,0,Lamina,0,1,0,0,0,Fuente_Natural,1,0,0,0,0,Celulares Drenaje Cable Electricidad Basura Telefono_Fijo,1,1,1,1,1,1,0,1,Gas,0,1,0,Refri Lavadora Micro Compu Smart_Tv,1,0,1,1,1,0,1,0,1,1,1,Mas_6,7,MAS_6,7,5,1,3_A_5,2,Estudiar,0,1,0,0,0,1,1,1,Guias Pruebat,1,1,0,0,0,0,1,2,2,2,2,2,2,4,0,0,0,1,3,0,0,1,0,3,0,0,1,0,3,0,0,1,0,3,0,0,1,0,3,0,0,1,0,3,0,0,1,0,2,2,2,2,2,2,2,1,1,1,1,3,0,0,1,0,3,0,0,1,0,3,0,0,1,0,3,0,0,1,0,3,0,0,1,0,3,0,0,1,0,3,0,0,1,0,4,0,0,0,1,4,0,0,0,1,4,0,0,0,1,4,0,0,0,1,A_Distancia,2,Presencial,1,1,Internet_Residencial Celular_Datos,1,1,0,0,0,0,0,0,,0,1,3,Zoom,1,0,0,0,0,0,,3,0,0,1,0,Señal Plataforma_Virtual,1,0,1,0,0,0,0,Plataforma,0,0,0,1,0,0,,-0.857,-1.198,1,1,0,0
05-02-0232-46,9447527997,42,201705,059447527997,L,L1,L1,22,Región 5 o Central,5,Escuintla,05,Santa Lucía Cotzumalguapa,0502,Diversificado,46,Bachillerato,001,07/04/2005,17,2,1,privado,Rural,12,Matutina,31,Anual,1,05-007,2022,2,1,0,0,1,3,1,3,Piso_Ceramico,0,0,0,0,1,0,Block,0,0,0,1,0,0,Terraza_Fundida,0,0,0,0,1,Fuente_Natural,1,0,0,0,0,Celulares Drenaje Cable Electricidad Basura Internet,1,1,1,1,1,0,1,1,Gas,0,1,0,Refri Lavadora Secadora Compu Smart_Tv Impresora,1,1,1,1,0,0,1,1,1,1,1,5,5,2,2,3,1,2_o_Menos,1,Estudiar Ir_Al_Extranjero,0,1,0,0,1,1,1,1,Pruebat,0,1,0,0,0,0,1,1,2,1,2,4,1,4,0,0,0,1,4,0,0,0,1,3,0,0,1,0,4,0,0,0,1,3,0,0,1,0,1,1,0,0,0,4,0,0,0,1,2,1,1,2,1,2,2,1,1,1,2,3,0,0,1,0,4,0,0,0,1,4,0,0,0,1,3,0,0,1,0,4,0,0,0,1,3,0,0,1,0,3,0,0,1,0,4,0,0,0,1,4,0,0,0,1,4,0,0,0,1,3,0,0,1,0,A_Distancia,2,A_Distancia,2,1,Internet_Residencial,1,0,0,0,0,0,0,0,,0,1,2,Zoom Whatsapp,1,0,1,0,0,0,,4,0,0,0,1,Señal,1,0,0,0,0,0,0,Plataforma Material_Periodicos,0,0,0,1,1,0,,-0.409,0.291,1,2,0,0
05-02-0232-46,9620054850,42,201704,059620054850,L,L1,L1,22,Región 5 o Central,5,Escuintla,05,Santa Lucía Cotzumalguapa,0502,Diversificado,46,Bachillerato,001,22/08/2004,17,2,1,privado,Rural,12,Matutina,31,Anual,1,05-007,2022,2,1,0,0,1,4,1,4,Piso_Ceramico,0,0,0,0,1,0,Ladrillo,0,0,0,0,1,0,Teja,0,0,1,0,0,Otro,0,0,0,0,1,Celulares Drenaje Cable Electricidad Basura Telefono_Fijo Internet,1,1,1,1,1,1,1,1,Electricidad,0,0,1,Refri Lavadora Micro Secadora Compu Smart_Tv Horno_Tostador Impresora,1,1,1,1,1,1,1,1,1,1,1,5,5,Ninguno,0,3,1,3_A_5,2,Estudiar,0,1,0,0,0,1,1,1,Pruebat,0,1,0,0,0,0,2,1,2,2,3,3,1,3,0,0,1,0,4,0,0,0,1,3,0,0,1,0,3,0,0,1,0,2,0,1,0,0,2,0,1,0,0,4,0,0,0,1,3,3,3,3,2,1,1,2,1,1,1,2,0,1,0,0,2,0,1,0,0,2,0,1,0,0,2,0,1,0,0,3,0,0,1,0,4,0,0,0,1,4,0,0,0,1,3,0,0,1,0,4,0,0,0,1,4,0,0,0,1,4,0,0,0,1,A_Distancia,2,Presencial,1,1,Internet_Residencial,1,0,0,0,0,0,0,0,,0,2,2,Zoom,1,0,0,0,0,0,,3,0,0,1,0,Falta_Motivacion,0,0,0,0,0,1,0,Plataforma Otro_Recurso_Utilizó,0,0,0,1,0,1,,1.944,2.203,4,4,1,1
